Workbook

Sheet Instructions
A1: Legacy Assessment Framework v1.0 — How to use this workbook
A3: Purpose
B4: This workbook operationalises the Legacy Assessment Framework. It scores a component across thirty-five tests grouped under seven headings of optionality, rolls those tests up to a heading rating, then rolls components up to a system rating. The instrument's job is to make the framework usable, defensible, and continuous — to turn legacy from a surprise into a managed trajectory.
A5: Workflow
B6: 1. On each Component sheet, complete the header block: component name, owner, assessor, date, mode, dependency classification, and trajectory.
B7: 2. Score each of the thirty-five tests against the anchored descriptors. Pick a score from the drop-down (1–5, or N/A where genuinely inapplicable). Record evidence status, the actual evidence cited, and the name of the person responsible for the cited evidence.
B8: 3. The workbook computes each heading rating using the gating rule, then the component rating from the worst heading.
B9: 4. On the System Dashboard, enter system-level details and add a row per component. The system rating is set by the worst rating among load-bearing components.
B10: 5. At the next assessment, copy the relevant Component sheet, complete a fresh scoring, and record the delta against the baseline. The score is the state. The delta is the signal.
A11: Calibration rules (from Section 3 of the framework)
B12: Demonstrated reality, not intent. The score reflects what is demonstrably true now, not what is planned. Evidence beats assertion — if it cannot be shown, it is not a 5.
B13: Score as-is, not as-designed. The cost of restoring optionality is the output of the assessment, not an input to the score.
B14: When uncertain, score down. A defensible amber is worth more than a flattering green. Optimism bias is the mechanism by which the decade-long surprise happens.
B15: Evidence absent ≠ score skipped. If evidence cannot be obtained, score the floor (1) and mark Evidence Status as Absent. The flag preserves the distinction; the score does not let the gap hide.
A16: Gating tests and heading rating
B17: Twelve of the thirty-five tests are designated gating tests (marked G in the Reference sheet). A score of 1 or 2 on any gating test floors the heading to RED regardless of the other tests. This implements the framework's load-bearing principle: the weakest load-bearing element governs.
B18: The non-gating tests give the heading its texture. The numeric thresholds used in this workbook are: average ≥ 4.0 = GREEN, 2.5 – 3.99 = AMBER, < 2.5 = RED. These thresholds are stated openly here so they can be challenged and adjusted; they sit on top of the categorical gating rule, which remains the spine.
A19: System-level roll-up
B20: The System Dashboard applies the worst-load-bearing-component rule. The system rating is set by the worst rating among components classified as Load-bearing. Contributing and Peripheral components are visible on the dashboard as context but do not set the system rating. This is a statement about reality, not a posture of pessimism: a system with a red load-bearing component has in fact lost the ability to evolve without first dealing with that component.
A21: Modes of assessment
B22: Full assessment runs all thirty-five tests, scheduled at design baseline, go-live, major architectural change, and at least annually for load-bearing components. The go-live score is the registered baseline and is non-optional.
B23: Light check runs the twelve gating tests only, fed wherever possible from telemetry. Quarterly, or continuously where instrumentation allows. Its job is to detect movement on the tests most likely to floor a heading and to trigger a full assessment. The light check is the smoke detector; the full assessment is the inspection.
A24: Known open areas (Section 9 of the framework)
B25: Numeric dependency weighting is deliberately not used as the spine. The categorical worst-load-bearing rule is what survives a hostile review. A weighting layer may be added later as a tiebreaker for ranking multiple red systems against finite remediation budget.
B26: Assessor competence is not defined by the framework. Consistency in this workbook depends on the anchored descriptors, the evidence indicators, and continuity of assessors across consecutive assessments of the same component.
A27: A note on neutrality
B28: The framework measures optionality. It does not road toward any product, supplier, or remediation approach. A green score does not imply migration. A red score does not prescribe a supplier. The rating is only worth defending if the framework was capable of returning the answer no one wanted.

Sheet System Dashboard
A1: System Dashboard
A3: System name | G3: System rating | I3: Set by
A4: Programme / department | G4: =IF(COUNTIFS(C15:C19,"Load-bearing",K15:K19,"RED")>0,"RED",IF(COUNTIFS(C15:C19,"Load-bearing",K15:K19,"AMBER")>0,"AMBER",IF(COUNTIFS(C15:C19,"Load-bearing",K15:K19,"GREEN")>0,"GREEN","—"))) -> — | I4: =IF(MAX(M15:M19)=0,"—",INDEX(A15:A19,MATCH(MAX(M15:M19),M15:M19,0))) -> —
A5: Senior Responsible Owner
A6: Lead assessor
A7: Assessment cycle
A8: Mode
A9: Date of this dashboard
A10: Previous dashboard date
A11: Notes
A13: Component register
A14: Component name | B14: Sheet reference | C14: Dependency class | D14: Portability | E14: Modularity | F14: Integration | G14: Modernisation | H14: Embedded IP | I14: Knowledge | J14: Observability | K14: Component rating | M14: Severity
A15: ='Component 1'!B3 -> 0 | B15: Component 1 | C15: ='Component 1'!B9 -> 0 | D15: ='Component 1'!J6 -> — | E15: ='Component 1'!J7 -> — | F15: ='Component 1'!J8 -> — | G15: ='Component 1'!J9 -> — | H15: ='Component 1'!J10 -> — | I15: ='Component 1'!J11 -> — | J15: ='Component 1'!J12 -> — | K15: ='Component 1'!H3 -> — | M15: =IF(C15="Load-bearing",IF(K15="RED",10,IF(K15="AMBER",5,IF(K15="GREEN",1,0))),0) -> 0
A16: ='Component 2'!B3 -> 0 | B16: Component 2 | C16: ='Component 2'!B9 -> 0 | D16: ='Component 2'!J6 -> — | E16: ='Component 2'!J7 -> — | F16: ='Component 2'!J8 -> — | G16: ='Component 2'!J9 -> — | H16: ='Component 2'!J10 -> — | I16: ='Component 2'!J11 -> — | J16: ='Component 2'!J12 -> — | K16: ='Component 2'!H3 -> — | M16: =IF(C16="Load-bearing",IF(K16="RED",10,IF(K16="AMBER",5,IF(K16="GREEN",1,0))),0) -> 0
A17: ='Component 3'!B3 -> 0 | B17: Component 3 | C17: ='Component 3'!B9 -> 0 | D17: ='Component 3'!J6 -> — | E17: ='Component 3'!J7 -> — | F17: ='Component 3'!J8 -> — | G17: ='Component 3'!J9 -> — | H17: ='Component 3'!J10 -> — | I17: ='Component 3'!J11 -> — | J17: ='Component 3'!J12 -> — | K17: ='Component 3'!H3 -> — | M17: =IF(C17="Load-bearing",IF(K17="RED",10,IF(K17="AMBER",5,IF(K17="GREEN",1,0))),0) -> 0
A18: ='Component 4'!B3 -> 0 | B18: Component 4 | C18: ='Component 4'!B9 -> 0 | D18: ='Component 4'!J6 -> — | E18: ='Component 4'!J7 -> — | F18: ='Component 4'!J8 -> — | G18: ='Component 4'!J9 -> — | H18: ='Component 4'!J10 -> — | I18: ='Component 4'!J11 -> — | J18: ='Component 4'!J12 -> — | K18: ='Component 4'!H3 -> — | M18: =IF(C18="Load-bearing",IF(K18="RED",10,IF(K18="AMBER",5,IF(K18="GREEN",1,0))),0) -> 0
A19: ='Component 5'!B3 -> 0 | B19: Component 5 | C19: ='Component 5'!B9 -> 0 | D19: ='Component 5'!J6 -> — | E19: ='Component 5'!J7 -> — | F19: ='Component 5'!J8 -> — | G19: ='Component 5'!J9 -> — | H19: ='Component 5'!J10 -> — | I19: ='Component 5'!J11 -> — | J19: ='Component 5'!J12 -> — | K19: ='Component 5'!H3 -> — | M19: =IF(C19="Load-bearing",IF(K19="RED",10,IF(K19="AMBER",5,IF(K19="GREEN",1,0))),0) -> 0
A21: Roll-up rule
A22: The system rating is set by the worst rating among components classified as Load-bearing. Contributing and Peripheral components are visible above as context but do not set the system rating. This is a statement about reality, not a posture of pessimism: a system with a red load-bearing component has in fact lost the ability to evolve without first dealing with that component. The framework's load-bearing principle is one rule applied at two levels — gating tests govern the heading the way load-bearing components govern the system.

Sheet Component 1
A1: Component Assessment — Component 1
A3: Component name | F3: Component rating | H3: =IF(COUNTIF(J6:J12,"RED")>0,"RED",IF(COUNTIF(J6:J12,"AMBER")>0,"AMBER",IF(COUNTIF(J6:J12,"GREEN")>0,"GREEN","—"))) -> —
A4: System / programme | F4: Lowest heading | H4: =IF(COUNTIF(J6:J12,"RED")>0,INDEX(F6:F12,MATCH("RED",J6:J12,0)),IF(COUNTIF(J6:J12,"AMBER")>0,INDEX(F6:F12,MATCH("AMBER",J6:J12,0)),IF(COUNTIF(J6:J12,"GREEN")>0,INDEX(F6:F12,MATCH("GREEN",J6:J12,0)),"—"))) -> —
A5: Owner (SRO or equivalent) | F5: Heading summary
A6: Assessor | F6: 1. Portability | I6: =IFERROR(ROUND(M15,2),"") | J6: =O15 -> —
A7: Assessment date | F7: 2. Modularity | I7: =IFERROR(ROUND(M16,2),"") | J7: =O16 -> —
A8: Mode | F8: 3. Integration | I8: =IFERROR(ROUND(M17,2),"") | J8: =O17 -> —
A9: Dependency classification | F9: 4. Modernisation | I9: =IFERROR(ROUND(M18,2),"") | J9: =O18 -> —
A10: Trajectory state | F10: 5. Embedded IP | I10: =IFERROR(ROUND(M19,2),"") | J10: =O19 -> —
A11: Previous assessment date | F11: 6. Knowledge Transferability | I11: =IFERROR(ROUND(M20,2),"") | J11: =O20 -> —
A12: Notes / context | F12: 7. Observability & Testability | I12: =IFERROR(ROUND(M21,2),"") | J12: =O21 -> —
A14: Test | B14: Test title | C14: G | D14: Score | E14: Anchor 1 | F14: Anchor 3 | G14: Anchor 5 | H14: Evidence status | I14: Evidence cited (what & where) | J14: Evidence owner | L14: HID | M14: Avg (non-gate) | N14: Min gate | O14: Rating
A15: 1. Portability — Can it be moved? | L15: 1 | M15: =IF(SUMPRODUCT((C16:C20<>"G")*ISNUMBER(D16:D20))=0,"",SUMPRODUCT((C16:C20<>"G")*ISNUMBER(D16:D20)*D16:D20)/SUMPRODUCT((C16:C20<>"G")*ISNUMBER(D16:D20))) | N15: =IF(MIN(IF(ISNUMBER(D16),D16,999))=999,"",MIN(IF(ISNUMBER(D16),D16,999))) | O15: =IF(M15="","—",IF(AND(ISNUMBER(N15),N15<=2),"RED",IF(M15>=4,"GREEN",IF(M15>=2.5,"AMBER","RED")))) -> —
A16: 1.1 | B16: Run on other infrastructure without redesign | C16: G | E16: Bound to its current host; moving it means a redesign. | F16: Movable to similar infrastructure with significant rework or constraints. | G16: Runs on alternative infrastructure with configuration changes only. | L16: 2 | M16: =IF(SUMPRODUCT((C22:C26<>"G")*ISNUMBER(D22:D26))=0,"",SUMPRODUCT((C22:C26<>"G")*ISNUMBER(D22:D26)*D22:D26)/SUMPRODUCT((C22:C26<>"G")*ISNUMBER(D22:D26))) | N16: =IF(MIN(IF(ISNUMBER(D23),D23,999))=999,"",MIN(IF(ISNUMBER(D23),D23,999))) | O16: =IF(M16="","—",IF(AND(ISNUMBER(N16),N16<=2),"RED",IF(M16>=4,"GREEN",IF(M16>=2.5,"AMBER","RED")))) -> —
A17: 1.2 | B17: Runtime dependencies current and supported | E17: Depends on out-of-support or end-of-life components. | F17: Mostly supported; some components near end-of-life or on extended support. | G17: All runtime dependencies are current and within their support lifecycle. | L17: 3 | M17: =IF(SUMPRODUCT((C28:C32<>"G")*ISNUMBER(D28:D32))=0,"",SUMPRODUCT((C28:C32<>"G")*ISNUMBER(D28:D32)*D28:D32)/SUMPRODUCT((C28:C32<>"G")*ISNUMBER(D28:D32))) | N17: =IF(MIN(IF(ISNUMBER(D30),D30,999))=999,"",MIN(IF(ISNUMBER(D30),D30,999))) | O17: =IF(M17="","—",IF(AND(ISNUMBER(N17),N17<=2),"RED",IF(M17>=4,"GREEN",IF(M17>=2.5,"AMBER","RED")))) -> —
A18: 1.3 | B18: Free of hard coupling to proprietary services or hardware | E18: Core function depends on proprietary services with no equivalent elsewhere. | F18: Uses proprietary services, but behind abstractions or with known alternatives. | G18: Uses portable, substitutable, or open interfaces throughout. | L18: 4 | M18: =IF(SUMPRODUCT((C34:C38<>"G")*ISNUMBER(D34:D38))=0,"",SUMPRODUCT((C34:C38<>"G")*ISNUMBER(D34:D38)*D34:D38)/SUMPRODUCT((C34:C38<>"G")*ISNUMBER(D34:D38))) | N18: =IF(MIN(IF(ISNUMBER(D34),D34,999))=999,"",MIN(IF(ISNUMBER(D34),D34,999))) | O18: =IF(M18="","—",IF(AND(ISNUMBER(N18),N18<=2),"RED",IF(M18>=4,"GREEN",IF(M18>=2.5,"AMBER","RED")))) -> —
A19: 1.4 | B19: Can be stood up from definition, not hand-built | E19: Environment exists only as a hand-built artefact; recreating it is reverse-engineering. | F19: Partially defined as code; some manual steps or tribal knowledge required. | G19: Fully reproducible from version-controlled definition. | L19: 5 | M19: =IF(SUMPRODUCT((C40:C44<>"G")*ISNUMBER(D40:D44))=0,"",SUMPRODUCT((C40:C44<>"G")*ISNUMBER(D40:D44)*D40:D44)/SUMPRODUCT((C40:C44<>"G")*ISNUMBER(D40:D44))) | N19: =IF(MIN(IF(ISNUMBER(D40),D40,999))=999,"",MIN(IF(ISNUMBER(D40),D40,999))) | O19: =IF(M19="","—",IF(AND(ISNUMBER(N19),N19<=2),"RED",IF(M19>=4,"GREEN",IF(M19>=2.5,"AMBER","RED")))) -> —
A20: 1.5 | B20: Data extractable and migratable without bespoke tooling | E20: Data is locked in a proprietary or undocumented store; extraction needs custom development. | F20: Extractable, but with effort, format conversion, or partial bespoke tooling. | G20: Stored in documented, standard formats; extractable with standard tools. | L20: 6 | M20: =IF(SUMPRODUCT((C46:C50<>"G")*ISNUMBER(D46:D50))=0,"",SUMPRODUCT((C46:C50<>"G")*ISNUMBER(D46:D50)*D46:D50)/SUMPRODUCT((C46:C50<>"G")*ISNUMBER(D46:D50))) | N20: =IF(MIN(IF(ISNUMBER(D46),D46,999))=999,"",MIN(IF(ISNUMBER(D46),D46,999))) | O20: =IF(M20="","—",IF(AND(ISNUMBER(N20),N20<=2),"RED",IF(M20>=4,"GREEN",IF(M20>=2.5,"AMBER","RED")))) -> —
A21: 2. Modularity — Can one part change without forcing the rest to change? | L21: 7 | M21: =IF(SUMPRODUCT((C52:C56<>"G")*ISNUMBER(D52:D56))=0,"",SUMPRODUCT((C52:C56<>"G")*ISNUMBER(D52:D56)*D52:D56)/SUMPRODUCT((C52:C56<>"G")*ISNUMBER(D52:D56))) | N21: =IF(MIN(IF(ISNUMBER(D52),D52,999),IF(ISNUMBER(D56),D56,999))=999,"",MIN(IF(ISNUMBER(D52),D52,999),IF(ISNUMBER(D56),D56,999))) | O21: =IF(M21="","—",IF(AND(ISNUMBER(N21),N21<=2),"RED",IF(M21>=4,"GREEN",IF(M21>=2.5,"AMBER","RED")))) -> —
A22: 2.1 | B22: Clearly bounded responsibilities | E22: Responsibilities are diffuse; no clear statement of what it does and does not own. | F22: Broadly bounded, but with overlaps or grey areas with other components. | G22: Clear, documented, single area of responsibility.
A23: 2.2 | B23: Can be developed, built and released independently | C23: G | E23: Cannot be built or released except as part of a larger coordinated effort. | F23: Independently buildable, but release is coupled to others in practice. | G23: Developed, built and released on its own cadence.
A24: 2.3 | B24: Internal parts separable, not rippling unpredictably | E24: Internally entangled; any change risks unpredictable effects elsewhere. | F24: Some internal structure; ripple is bounded but not fully predictable. | G24: Cleanly partitioned internally; change effects are localised and predictable.
A25: 2.4 | B25: Shared mutable state avoided or tightly controlled | E25: Shares mutable state freely; other components reach into its internals or vice versa. | F25: Some shared state, but mediated or documented. | G25: No uncontrolled shared state; interaction is through defined boundaries only.
A26: 2.5 | B26: A part can be replaced behind the same boundary | E26: Implementation and interface are inseparable; replacing the part means rebuilding the boundary. | F26: Replaceable with effort; the boundary leaks implementation detail. | G26: Parts sit behind stable boundaries and can be swapped freely.
A27: 3. Integration — Can its connections be changed plug-and-play?
A28: 3.1 | B28: Integrates through defined, documented interfaces | E28: Integrations rely on undocumented assumptions about behaviour, format, or timing. | F28: Interfaces exist and are partly documented; some assumptions remain implicit. | G28: All integrations through defined, documented interfaces.
A29: 3.2 | B29: Interfaces versioned so each side can change independently | E29: No versioning; any interface change is a breaking change. | F29: Some versioning or backward-compatibility discipline, inconsistently applied. | G29: Interfaces are versioned; producers and consumers can evolve independently.
A30: 3.3 | B30: An integration can be re-pointed without modifying the core | C30: G | E30: Integration endpoints are wired into the core; changing one means changing the component. | F30: Re-pointable with configuration change plus some code change. | G30: Integrations are externally configured; swappable without touching the core.
A31: 3.4 | B31: Free of brittle point-to-point couplings | E31: Depends on undocumented timing, ordering, or sequence to function. | F31: Some fragile couplings, known and worked around. | G31: No reliance on incidental timing or order; couplings are explicit and robust.
A32: 3.5 | B32: Integration contracts testable independently | E32: Integrations can only be tested against live counterpart systems. | F32: Partially testable in isolation; some paths need the real counterpart. | G32: Contracts can be fully exercised with stubs, mocks, or simulators.
A33: 4. Modernisation — Can the language and code be brought forward?
A34: 4.1 | B34: Language/framework supported and hireable for | C34: G | E34: Language/framework is obsolete; hiring or retaining skills is a known problem. | F34: Supported but ageing; skills pool is shrinking or expensive. | G34: Current, actively supported, and readily hireable for.
A35: 4.2 | B35: Codebase structured so change is safe, not feared | E35: Change is feared; the team avoids touching it where possible. | F35: Change is possible but slow and carries known risk. | G35: Change is routine and made with confidence.
A36: 4.3 | B36: Toolchain can still pull current, patched components | E36: Toolchain is frozen; pulling current or patched dependencies is impossible or breaks the build. | F36: Toolchain works but is dated; updates are difficult. | G36: Toolchain is current and pulls patched dependencies cleanly.
A37: 4.4 | B37: Free of dead, unexplained code no one dares remove | E37: Significant dead or unexplained code that no one will remove. | F37: Some dead or unclear code, identified but not cleared. | G37: Codebase is clean; no significant dead or unexplained sections.
A38: 4.5 | B38: A section could be rewritten without reverse-engineering it | E38: Rewriting any section first requires reverse-engineering what it does. | F38: Rewritable from a mix of documentation and code reading. | G38: Behaviour is specified well enough to rewrite directly.
A39: 5. Embedded IP — Is critical bespoke logic buried and unextractable?
A40: 5.1 | B40: Bespoke logic documented to the standard of its complexity | C40: G | E40: Critical bespoke logic is undocumented; it exists only as code. | F40: Partially documented; documentation lags the code or covers only the simple parts. | G40: Documented proportionate to its complexity and kept current.
A41: 5.2 | B41: Logic isolated and identifiable, not smeared through general code | E41: Bespoke logic is smeared through the codebase; you cannot point to where it lives. | F41: Mostly identifiable, with some logic embedded in general-purpose code. | G41: Isolated, identifiable, and clearly delineated from general-purpose code.
A42: 5.3 | B42: The IP could be re-implemented from its specification | E42: No specification exists; the code is the only statement of the IP. | F42: A specification exists but is incomplete or partly out of date. | G42: A complete, current specification exists independent of the code.
A43: 5.4 | B43: Free of undocumented edge-case handling encoding lost decisions | E43: Contains undocumented edge-case handling whose rationale is lost. | F43: Some edge cases undocumented, but rationale is recoverable from people or records. | G43: Edge cases and their rationale are documented.
A44: 5.5 | B44: The IP can be tested against a known-correct specification | E44: No way to prove a re-implementation is correct; no reference to test against. | F44: Partial reference or test set; would prove some but not all behaviour. | G44: A reference specification or test set exists sufficient to validate a re-implementation.
A45: 6. Knowledge Transferability — Can anyone pick it up and work with it?
A46: 6.1 | B46: Understanding spread across enough people to survive turnover | C46: G | E46: Understanding sits with one person; their departure is a single point of failure. | F46: Understood by a small group; thin but not a single point of failure. | G46: Understanding is spread across enough people to absorb turnover.
A47: 6.2 | B47: Onboarding possible from documentation, not only the incumbent | E47: Onboarding is only possible by sitting with the incumbent. | F47: Documentation gets someone partway; the rest is tribal. | G47: A capable person can onboard from documentation alone.
A48: 6.3 | B48: Original design decisions and trade-offs recorded | E48: Only the current state is visible; the 'why' is lost. | F48: Some rationale recorded; gaps in the decision history. | G48: Design decisions and trade-offs are recorded and findable.
A49: 6.4 | B49: For cleared/constrained environments, enough eligible people hold the knowledge | E49: Knowledge is held by too few eligible (cleared/qualified) people to sustain the system. | F49: Eligible coverage is thin or depends on a small number of constrained individuals. | G49: Enough eligible people hold the knowledge to sustain and change the system.
A50: 6.5 | B50: Operational knowledge captured as well as build knowledge | E50: Run, recover and troubleshoot knowledge is uncaptured; it lives only with operators. | F50: Operational knowledge is partly captured; recovery or edge scenarios are gaps. | G50: Operational knowledge is captured to the standard of the build knowledge.
A51: 7. Observability & Testability — Can you change it with confidence rather than on faith?
A52: 7.1 | B52: Behaviour and health can be observed in operation | C52: G | E52: Effectively a black box in operation; behaviour and health are not visible. | F52: Partial visibility; gaps in what can be observed. | G52: Behaviour and health are observable across the component.
A53: 7.2 | B53: Test harness sufficient to catch regressions | E53: No meaningful test coverage; regressions are found in production or by users. | F53: Partial coverage; catches some regressions, misses others. | G53: Test coverage is sufficient to catch regressions before release.
A54: 7.3 | B54: Deploy and rollback are routine, not high-ceremony events | E54: Deployment is a rare, high-ceremony, high-risk event; rollback is unreliable or absent. | F54: Deployment is manageable but heavy; rollback is possible but not routine. | G54: Deploy and rollback are routine, low-drama operations.
A55: 7.4 | B55: A change can be validated in a representative environment | E55: No representative environment; changes are validated in production. | F55: A test environment exists but diverges from production in ways that matter. | G55: A representative environment exists where changes are validated before production.
A56: 7.5 | B56: Accreditation/assurance burden is proportionate enough that change happens | C56: G | E56: Assurance burden is so high that change is avoided; the system ossifies regardless of its technical state. | F56: Burden is significant and slows change, but change still happens. | G56: Assurance is proportionate and built into the change process; it does not block evolution.

Sheet Component 2
A1: Component Assessment — Component 2
A3: Component name | F3: Component rating | H3: =IF(COUNTIF(J6:J12,"RED")>0,"RED",IF(COUNTIF(J6:J12,"AMBER")>0,"AMBER",IF(COUNTIF(J6:J12,"GREEN")>0,"GREEN","—"))) -> —
A4: System / programme | F4: Lowest heading | H4: =IF(COUNTIF(J6:J12,"RED")>0,INDEX(F6:F12,MATCH("RED",J6:J12,0)),IF(COUNTIF(J6:J12,"AMBER")>0,INDEX(F6:F12,MATCH("AMBER",J6:J12,0)),IF(COUNTIF(J6:J12,"GREEN")>0,INDEX(F6:F12,MATCH("GREEN",J6:J12,0)),"—"))) -> —
A5: Owner (SRO or equivalent) | F5: Heading summary
A6: Assessor | F6: 1. Portability | I6: =IFERROR(ROUND(M15,2),"") | J6: =O15 -> —
A7: Assessment date | F7: 2. Modularity | I7: =IFERROR(ROUND(M16,2),"") | J7: =O16 -> —
A8: Mode | F8: 3. Integration | I8: =IFERROR(ROUND(M17,2),"") | J8: =O17 -> —
A9: Dependency classification | F9: 4. Modernisation | I9: =IFERROR(ROUND(M18,2),"") | J9: =O18 -> —
A10: Trajectory state | F10: 5. Embedded IP | I10: =IFERROR(ROUND(M19,2),"") | J10: =O19 -> —
A11: Previous assessment date | F11: 6. Knowledge Transferability | I11: =IFERROR(ROUND(M20,2),"") | J11: =O20 -> —
A12: Notes / context | F12: 7. Observability & Testability | I12: =IFERROR(ROUND(M21,2),"") | J12: =O21 -> —
A14: Test | B14: Test title | C14: G | D14: Score | E14: Anchor 1 | F14: Anchor 3 | G14: Anchor 5 | H14: Evidence status | I14: Evidence cited (what & where) | J14: Evidence owner | L14: HID | M14: Avg (non-gate) | N14: Min gate | O14: Rating
A15: 1. Portability — Can it be moved? | L15: 1 | M15: =IF(SUMPRODUCT((C16:C20<>"G")*ISNUMBER(D16:D20))=0,"",SUMPRODUCT((C16:C20<>"G")*ISNUMBER(D16:D20)*D16:D20)/SUMPRODUCT((C16:C20<>"G")*ISNUMBER(D16:D20))) | N15: =IF(MIN(IF(ISNUMBER(D16),D16,999))=999,"",MIN(IF(ISNUMBER(D16),D16,999))) | O15: =IF(M15="","—",IF(AND(ISNUMBER(N15),N15<=2),"RED",IF(M15>=4,"GREEN",IF(M15>=2.5,"AMBER","RED")))) -> —
A16: 1.1 | B16: Run on other infrastructure without redesign | C16: G | E16: Bound to its current host; moving it means a redesign. | F16: Movable to similar infrastructure with significant rework or constraints. | G16: Runs on alternative infrastructure with configuration changes only. | L16: 2 | M16: =IF(SUMPRODUCT((C22:C26<>"G")*ISNUMBER(D22:D26))=0,"",SUMPRODUCT((C22:C26<>"G")*ISNUMBER(D22:D26)*D22:D26)/SUMPRODUCT((C22:C26<>"G")*ISNUMBER(D22:D26))) | N16: =IF(MIN(IF(ISNUMBER(D23),D23,999))=999,"",MIN(IF(ISNUMBER(D23),D23,999))) | O16: =IF(M16="","—",IF(AND(ISNUMBER(N16),N16<=2),"RED",IF(M16>=4,"GREEN",IF(M16>=2.5,"AMBER","RED")))) -> —
A17: 1.2 | B17: Runtime dependencies current and supported | E17: Depends on out-of-support or end-of-life components. | F17: Mostly supported; some components near end-of-life or on extended support. | G17: All runtime dependencies are current and within their support lifecycle. | L17: 3 | M17: =IF(SUMPRODUCT((C28:C32<>"G")*ISNUMBER(D28:D32))=0,"",SUMPRODUCT((C28:C32<>"G")*ISNUMBER(D28:D32)*D28:D32)/SUMPRODUCT((C28:C32<>"G")*ISNUMBER(D28:D32))) | N17: =IF(MIN(IF(ISNUMBER(D30),D30,999))=999,"",MIN(IF(ISNUMBER(D30),D30,999))) | O17: =IF(M17="","—",IF(AND(ISNUMBER(N17),N17<=2),"RED",IF(M17>=4,"GREEN",IF(M17>=2.5,"AMBER","RED")))) -> —
A18: 1.3 | B18: Free of hard coupling to proprietary services or hardware | E18: Core function depends on proprietary services with no equivalent elsewhere. | F18: Uses proprietary services, but behind abstractions or with known alternatives. | G18: Uses portable, substitutable, or open interfaces throughout. | L18: 4 | M18: =IF(SUMPRODUCT((C34:C38<>"G")*ISNUMBER(D34:D38))=0,"",SUMPRODUCT((C34:C38<>"G")*ISNUMBER(D34:D38)*D34:D38)/SUMPRODUCT((C34:C38<>"G")*ISNUMBER(D34:D38))) | N18: =IF(MIN(IF(ISNUMBER(D34),D34,999))=999,"",MIN(IF(ISNUMBER(D34),D34,999))) | O18: =IF(M18="","—",IF(AND(ISNUMBER(N18),N18<=2),"RED",IF(M18>=4,"GREEN",IF(M18>=2.5,"AMBER","RED")))) -> —
A19: 1.4 | B19: Can be stood up from definition, not hand-built | E19: Environment exists only as a hand-built artefact; recreating it is reverse-engineering. | F19: Partially defined as code; some manual steps or tribal knowledge required. | G19: Fully reproducible from version-controlled definition. | L19: 5 | M19: =IF(SUMPRODUCT((C40:C44<>"G")*ISNUMBER(D40:D44))=0,"",SUMPRODUCT((C40:C44<>"G")*ISNUMBER(D40:D44)*D40:D44)/SUMPRODUCT((C40:C44<>"G")*ISNUMBER(D40:D44))) | N19: =IF(MIN(IF(ISNUMBER(D40),D40,999))=999,"",MIN(IF(ISNUMBER(D40),D40,999))) | O19: =IF(M19="","—",IF(AND(ISNUMBER(N19),N19<=2),"RED",IF(M19>=4,"GREEN",IF(M19>=2.5,"AMBER","RED")))) -> —
A20: 1.5 | B20: Data extractable and migratable without bespoke tooling | E20: Data is locked in a proprietary or undocumented store; extraction needs custom development. | F20: Extractable, but with effort, format conversion, or partial bespoke tooling. | G20: Stored in documented, standard formats; extractable with standard tools. | L20: 6 | M20: =IF(SUMPRODUCT((C46:C50<>"G")*ISNUMBER(D46:D50))=0,"",SUMPRODUCT((C46:C50<>"G")*ISNUMBER(D46:D50)*D46:D50)/SUMPRODUCT((C46:C50<>"G")*ISNUMBER(D46:D50))) | N20: =IF(MIN(IF(ISNUMBER(D46),D46,999))=999,"",MIN(IF(ISNUMBER(D46),D46,999))) | O20: =IF(M20="","—",IF(AND(ISNUMBER(N20),N20<=2),"RED",IF(M20>=4,"GREEN",IF(M20>=2.5,"AMBER","RED")))) -> —
A21: 2. Modularity — Can one part change without forcing the rest to change? | L21: 7 | M21: =IF(SUMPRODUCT((C52:C56<>"G")*ISNUMBER(D52:D56))=0,"",SUMPRODUCT((C52:C56<>"G")*ISNUMBER(D52:D56)*D52:D56)/SUMPRODUCT((C52:C56<>"G")*ISNUMBER(D52:D56))) | N21: =IF(MIN(IF(ISNUMBER(D52),D52,999),IF(ISNUMBER(D56),D56,999))=999,"",MIN(IF(ISNUMBER(D52),D52,999),IF(ISNUMBER(D56),D56,999))) | O21: =IF(M21="","—",IF(AND(ISNUMBER(N21),N21<=2),"RED",IF(M21>=4,"GREEN",IF(M21>=2.5,"AMBER","RED")))) -> —
A22: 2.1 | B22: Clearly bounded responsibilities | E22: Responsibilities are diffuse; no clear statement of what it does and does not own. | F22: Broadly bounded, but with overlaps or grey areas with other components. | G22: Clear, documented, single area of responsibility.
A23: 2.2 | B23: Can be developed, built and released independently | C23: G | E23: Cannot be built or released except as part of a larger coordinated effort. | F23: Independently buildable, but release is coupled to others in practice. | G23: Developed, built and released on its own cadence.
A24: 2.3 | B24: Internal parts separable, not rippling unpredictably | E24: Internally entangled; any change risks unpredictable effects elsewhere. | F24: Some internal structure; ripple is bounded but not fully predictable. | G24: Cleanly partitioned internally; change effects are localised and predictable.
A25: 2.4 | B25: Shared mutable state avoided or tightly controlled | E25: Shares mutable state freely; other components reach into its internals or vice versa. | F25: Some shared state, but mediated or documented. | G25: No uncontrolled shared state; interaction is through defined boundaries only.
A26: 2.5 | B26: A part can be replaced behind the same boundary | E26: Implementation and interface are inseparable; replacing the part means rebuilding the boundary. | F26: Replaceable with effort; the boundary leaks implementation detail. | G26: Parts sit behind stable boundaries and can be swapped freely.
A27: 3. Integration — Can its connections be changed plug-and-play?
A28: 3.1 | B28: Integrates through defined, documented interfaces | E28: Integrations rely on undocumented assumptions about behaviour, format, or timing. | F28: Interfaces exist and are partly documented; some assumptions remain implicit. | G28: All integrations through defined, documented interfaces.
A29: 3.2 | B29: Interfaces versioned so each side can change independently | E29: No versioning; any interface change is a breaking change. | F29: Some versioning or backward-compatibility discipline, inconsistently applied. | G29: Interfaces are versioned; producers and consumers can evolve independently.
A30: 3.3 | B30: An integration can be re-pointed without modifying the core | C30: G | E30: Integration endpoints are wired into the core; changing one means changing the component. | F30: Re-pointable with configuration change plus some code change. | G30: Integrations are externally configured; swappable without touching the core.
A31: 3.4 | B31: Free of brittle point-to-point couplings | E31: Depends on undocumented timing, ordering, or sequence to function. | F31: Some fragile couplings, known and worked around. | G31: No reliance on incidental timing or order; couplings are explicit and robust.
A32: 3.5 | B32: Integration contracts testable independently | E32: Integrations can only be tested against live counterpart systems. | F32: Partially testable in isolation; some paths need the real counterpart. | G32: Contracts can be fully exercised with stubs, mocks, or simulators.
A33: 4. Modernisation — Can the language and code be brought forward?
A34: 4.1 | B34: Language/framework supported and hireable for | C34: G | E34: Language/framework is obsolete; hiring or retaining skills is a known problem. | F34: Supported but ageing; skills pool is shrinking or expensive. | G34: Current, actively supported, and readily hireable for.
A35: 4.2 | B35: Codebase structured so change is safe, not feared | E35: Change is feared; the team avoids touching it where possible. | F35: Change is possible but slow and carries known risk. | G35: Change is routine and made with confidence.
A36: 4.3 | B36: Toolchain can still pull current, patched components | E36: Toolchain is frozen; pulling current or patched dependencies is impossible or breaks the build. | F36: Toolchain works but is dated; updates are difficult. | G36: Toolchain is current and pulls patched dependencies cleanly.
A37: 4.4 | B37: Free of dead, unexplained code no one dares remove | E37: Significant dead or unexplained code that no one will remove. | F37: Some dead or unclear code, identified but not cleared. | G37: Codebase is clean; no significant dead or unexplained sections.
A38: 4.5 | B38: A section could be rewritten without reverse-engineering it | E38: Rewriting any section first requires reverse-engineering what it does. | F38: Rewritable from a mix of documentation and code reading. | G38: Behaviour is specified well enough to rewrite directly.
A39: 5. Embedded IP — Is critical bespoke logic buried and unextractable?
A40: 5.1 | B40: Bespoke logic documented to the standard of its complexity | C40: G | E40: Critical bespoke logic is undocumented; it exists only as code. | F40: Partially documented; documentation lags the code or covers only the simple parts. | G40: Documented proportionate to its complexity and kept current.
A41: 5.2 | B41: Logic isolated and identifiable, not smeared through general code | E41: Bespoke logic is smeared through the codebase; you cannot point to where it lives. | F41: Mostly identifiable, with some logic embedded in general-purpose code. | G41: Isolated, identifiable, and clearly delineated from general-purpose code.
A42: 5.3 | B42: The IP could be re-implemented from its specification | E42: No specification exists; the code is the only statement of the IP. | F42: A specification exists but is incomplete or partly out of date. | G42: A complete, current specification exists independent of the code.
A43: 5.4 | B43: Free of undocumented edge-case handling encoding lost decisions | E43: Contains undocumented edge-case handling whose rationale is lost. | F43: Some edge cases undocumented, but rationale is recoverable from people or records. | G43: Edge cases and their rationale are documented.
A44: 5.5 | B44: The IP can be tested against a known-correct specification | E44: No way to prove a re-implementation is correct; no reference to test against. | F44: Partial reference or test set; would prove some but not all behaviour. | G44: A reference specification or test set exists sufficient to validate a re-implementation.
A45: 6. Knowledge Transferability — Can anyone pick it up and work with it?
A46: 6.1 | B46: Understanding spread across enough people to survive turnover | C46: G | E46: Understanding sits with one person; their departure is a single point of failure. | F46: Understood by a small group; thin but not a single point of failure. | G46: Understanding is spread across enough people to absorb turnover.
A47: 6.2 | B47: Onboarding possible from documentation, not only the incumbent | E47: Onboarding is only possible by sitting with the incumbent. | F47: Documentation gets someone partway; the rest is tribal. | G47: A capable person can onboard from documentation alone.
A48: 6.3 | B48: Original design decisions and trade-offs recorded | E48: Only the current state is visible; the 'why' is lost. | F48: Some rationale recorded; gaps in the decision history. | G48: Design decisions and trade-offs are recorded and findable.
A49: 6.4 | B49: For cleared/constrained environments, enough eligible people hold the knowledge | E49: Knowledge is held by too few eligible (cleared/qualified) people to sustain the system. | F49: Eligible coverage is thin or depends on a small number of constrained individuals. | G49: Enough eligible people hold the knowledge to sustain and change the system.
A50: 6.5 | B50: Operational knowledge captured as well as build knowledge | E50: Run, recover and troubleshoot knowledge is uncaptured; it lives only with operators. | F50: Operational knowledge is partly captured; recovery or edge scenarios are gaps. | G50: Operational knowledge is captured to the standard of the build knowledge.
A51: 7. Observability & Testability — Can you change it with confidence rather than on faith?
A52: 7.1 | B52: Behaviour and health can be observed in operation | C52: G | E52: Effectively a black box in operation; behaviour and health are not visible. | F52: Partial visibility; gaps in what can be observed. | G52: Behaviour and health are observable across the component.
A53: 7.2 | B53: Test harness sufficient to catch regressions | E53: No meaningful test coverage; regressions are found in production or by users. | F53: Partial coverage; catches some regressions, misses others. | G53: Test coverage is sufficient to catch regressions before release.
A54: 7.3 | B54: Deploy and rollback are routine, not high-ceremony events | E54: Deployment is a rare, high-ceremony, high-risk event; rollback is unreliable or absent. | F54: Deployment is manageable but heavy; rollback is possible but not routine. | G54: Deploy and rollback are routine, low-drama operations.
A55: 7.4 | B55: A change can be validated in a representative environment | E55: No representative environment; changes are validated in production. | F55: A test environment exists but diverges from production in ways that matter. | G55: A representative environment exists where changes are validated before production.
A56: 7.5 | B56: Accreditation/assurance burden is proportionate enough that change happens | C56: G | E56: Assurance burden is so high that change is avoided; the system ossifies regardless of its technical state. | F56: Burden is significant and slows change, but change still happens. | G56: Assurance is proportionate and built into the change process; it does not block evolution.

Sheet Component 3
A1: Component Assessment — Component 3
A3: Component name | F3: Component rating | H3: =IF(COUNTIF(J6:J12,"RED")>0,"RED",IF(COUNTIF(J6:J12,"AMBER")>0,"AMBER",IF(COUNTIF(J6:J12,"GREEN")>0,"GREEN","—"))) -> —
A4: System / programme | F4: Lowest heading | H4: =IF(COUNTIF(J6:J12,"RED")>0,INDEX(F6:F12,MATCH("RED",J6:J12,0)),IF(COUNTIF(J6:J12,"AMBER")>0,INDEX(F6:F12,MATCH("AMBER",J6:J12,0)),IF(COUNTIF(J6:J12,"GREEN")>0,INDEX(F6:F12,MATCH("GREEN",J6:J12,0)),"—"))) -> —
A5: Owner (SRO or equivalent) | F5: Heading summary
A6: Assessor | F6: 1. Portability | I6: =IFERROR(ROUND(M15,2),"") | J6: =O15 -> —
A7: Assessment date | F7: 2. Modularity | I7: =IFERROR(ROUND(M16,2),"") | J7: =O16 -> —
A8: Mode | F8: 3. Integration | I8: =IFERROR(ROUND(M17,2),"") | J8: =O17 -> —
A9: Dependency classification | F9: 4. Modernisation | I9: =IFERROR(ROUND(M18,2),"") | J9: =O18 -> —
A10: Trajectory state | F10: 5. Embedded IP | I10: =IFERROR(ROUND(M19,2),"") | J10: =O19 -> —
A11: Previous assessment date | F11: 6. Knowledge Transferability | I11: =IFERROR(ROUND(M20,2),"") | J11: =O20 -> —
A12: Notes / context | F12: 7. Observability & Testability | I12: =IFERROR(ROUND(M21,2),"") | J12: =O21 -> —
A14: Test | B14: Test title | C14: G | D14: Score | E14: Anchor 1 | F14: Anchor 3 | G14: Anchor 5 | H14: Evidence status | I14: Evidence cited (what & where) | J14: Evidence owner | L14: HID | M14: Avg (non-gate) | N14: Min gate | O14: Rating
A15: 1. Portability — Can it be moved? | L15: 1 | M15: =IF(SUMPRODUCT((C16:C20<>"G")*ISNUMBER(D16:D20))=0,"",SUMPRODUCT((C16:C20<>"G")*ISNUMBER(D16:D20)*D16:D20)/SUMPRODUCT((C16:C20<>"G")*ISNUMBER(D16:D20))) | N15: =IF(MIN(IF(ISNUMBER(D16),D16,999))=999,"",MIN(IF(ISNUMBER(D16),D16,999))) | O15: =IF(M15="","—",IF(AND(ISNUMBER(N15),N15<=2),"RED",IF(M15>=4,"GREEN",IF(M15>=2.5,"AMBER","RED")))) -> —
A16: 1.1 | B16: Run on other infrastructure without redesign | C16: G | E16: Bound to its current host; moving it means a redesign. | F16: Movable to similar infrastructure with significant rework or constraints. | G16: Runs on alternative infrastructure with configuration changes only. | L16: 2 | M16: =IF(SUMPRODUCT((C22:C26<>"G")*ISNUMBER(D22:D26))=0,"",SUMPRODUCT((C22:C26<>"G")*ISNUMBER(D22:D26)*D22:D26)/SUMPRODUCT((C22:C26<>"G")*ISNUMBER(D22:D26))) | N16: =IF(MIN(IF(ISNUMBER(D23),D23,999))=999,"",MIN(IF(ISNUMBER(D23),D23,999))) | O16: =IF(M16="","—",IF(AND(ISNUMBER(N16),N16<=2),"RED",IF(M16>=4,"GREEN",IF(M16>=2.5,"AMBER","RED")))) -> —
A17: 1.2 | B17: Runtime dependencies current and supported | E17: Depends on out-of-support or end-of-life components. | F17: Mostly supported; some components near end-of-life or on extended support. | G17: All runtime dependencies are current and within their support lifecycle. | L17: 3 | M17: =IF(SUMPRODUCT((C28:C32<>"G")*ISNUMBER(D28:D32))=0,"",SUMPRODUCT((C28:C32<>"G")*ISNUMBER(D28:D32)*D28:D32)/SUMPRODUCT((C28:C32<>"G")*ISNUMBER(D28:D32))) | N17: =IF(MIN(IF(ISNUMBER(D30),D30,999))=999,"",MIN(IF(ISNUMBER(D30),D30,999))) | O17: =IF(M17="","—",IF(AND(ISNUMBER(N17),N17<=2),"RED",IF(M17>=4,"GREEN",IF(M17>=2.5,"AMBER","RED")))) -> —
A18: 1.3 | B18: Free of hard coupling to proprietary services or hardware | E18: Core function depends on proprietary services with no equivalent elsewhere. | F18: Uses proprietary services, but behind abstractions or with known alternatives. | G18: Uses portable, substitutable, or open interfaces throughout. | L18: 4 | M18: =IF(SUMPRODUCT((C34:C38<>"G")*ISNUMBER(D34:D38))=0,"",SUMPRODUCT((C34:C38<>"G")*ISNUMBER(D34:D38)*D34:D38)/SUMPRODUCT((C34:C38<>"G")*ISNUMBER(D34:D38))) | N18: =IF(MIN(IF(ISNUMBER(D34),D34,999))=999,"",MIN(IF(ISNUMBER(D34),D34,999))) | O18: =IF(M18="","—",IF(AND(ISNUMBER(N18),N18<=2),"RED",IF(M18>=4,"GREEN",IF(M18>=2.5,"AMBER","RED")))) -> —
A19: 1.4 | B19: Can be stood up from definition, not hand-built | E19: Environment exists only as a hand-built artefact; recreating it is reverse-engineering. | F19: Partially defined as code; some manual steps or tribal knowledge required. | G19: Fully reproducible from version-controlled definition. | L19: 5 | M19: =IF(SUMPRODUCT((C40:C44<>"G")*ISNUMBER(D40:D44))=0,"",SUMPRODUCT((C40:C44<>"G")*ISNUMBER(D40:D44)*D40:D44)/SUMPRODUCT((C40:C44<>"G")*ISNUMBER(D40:D44))) | N19: =IF(MIN(IF(ISNUMBER(D40),D40,999))=999,"",MIN(IF(ISNUMBER(D40),D40,999))) | O19: =IF(M19="","—",IF(AND(ISNUMBER(N19),N19<=2),"RED",IF(M19>=4,"GREEN",IF(M19>=2.5,"AMBER","RED")))) -> —
A20: 1.5 | B20: Data extractable and migratable without bespoke tooling | E20: Data is locked in a proprietary or undocumented store; extraction needs custom development. | F20: Extractable, but with effort, format conversion, or partial bespoke tooling. | G20: Stored in documented, standard formats; extractable with standard tools. | L20: 6 | M20: =IF(SUMPRODUCT((C46:C50<>"G")*ISNUMBER(D46:D50))=0,"",SUMPRODUCT((C46:C50<>"G")*ISNUMBER(D46:D50)*D46:D50)/SUMPRODUCT((C46:C50<>"G")*ISNUMBER(D46:D50))) | N20: =IF(MIN(IF(ISNUMBER(D46),D46,999))=999,"",MIN(IF(ISNUMBER(D46),D46,999))) | O20: =IF(M20="","—",IF(AND(ISNUMBER(N20),N20<=2),"RED",IF(M20>=4,"GREEN",IF(M20>=2.5,"AMBER","RED")))) -> —
A21: 2. Modularity — Can one part change without forcing the rest to change? | L21: 7 | M21: =IF(SUMPRODUCT((C52:C56<>"G")*ISNUMBER(D52:D56))=0,"",SUMPRODUCT((C52:C56<>"G")*ISNUMBER(D52:D56)*D52:D56)/SUMPRODUCT((C52:C56<>"G")*ISNUMBER(D52:D56))) | N21: =IF(MIN(IF(ISNUMBER(D52),D52,999),IF(ISNUMBER(D56),D56,999))=999,"",MIN(IF(ISNUMBER(D52),D52,999),IF(ISNUMBER(D56),D56,999))) | O21: =IF(M21="","—",IF(AND(ISNUMBER(N21),N21<=2),"RED",IF(M21>=4,"GREEN",IF(M21>=2.5,"AMBER","RED")))) -> —
A22: 2.1 | B22: Clearly bounded responsibilities | E22: Responsibilities are diffuse; no clear statement of what it does and does not own. | F22: Broadly bounded, but with overlaps or grey areas with other components. | G22: Clear, documented, single area of responsibility.
A23: 2.2 | B23: Can be developed, built and released independently | C23: G | E23: Cannot be built or released except as part of a larger coordinated effort. | F23: Independently buildable, but release is coupled to others in practice. | G23: Developed, built and released on its own cadence.
A24: 2.3 | B24: Internal parts separable, not rippling unpredictably | E24: Internally entangled; any change risks unpredictable effects elsewhere. | F24: Some internal structure; ripple is bounded but not fully predictable. | G24: Cleanly partitioned internally; change effects are localised and predictable.
A25: 2.4 | B25: Shared mutable state avoided or tightly controlled | E25: Shares mutable state freely; other components reach into its internals or vice versa. | F25: Some shared state, but mediated or documented. | G25: No uncontrolled shared state; interaction is through defined boundaries only.
A26: 2.5 | B26: A part can be replaced behind the same boundary | E26: Implementation and interface are inseparable; replacing the part means rebuilding the boundary. | F26: Replaceable with effort; the boundary leaks implementation detail. | G26: Parts sit behind stable boundaries and can be swapped freely.
A27: 3. Integration — Can its connections be changed plug-and-play?
A28: 3.1 | B28: Integrates through defined, documented interfaces | E28: Integrations rely on undocumented assumptions about behaviour, format, or timing. | F28: Interfaces exist and are partly documented; some assumptions remain implicit. | G28: All integrations through defined, documented interfaces.
A29: 3.2 | B29: Interfaces versioned so each side can change independently | E29: No versioning; any interface change is a breaking change. | F29: Some versioning or backward-compatibility discipline, inconsistently applied. | G29: Interfaces are versioned; producers and consumers can evolve independently.
A30: 3.3 | B30: An integration can be re-pointed without modifying the core | C30: G | E30: Integration endpoints are wired into the core; changing one means changing the component. | F30: Re-pointable with configuration change plus some code change. | G30: Integrations are externally configured; swappable without touching the core.
A31: 3.4 | B31: Free of brittle point-to-point couplings | E31: Depends on undocumented timing, ordering, or sequence to function. | F31: Some fragile couplings, known and worked around. | G31: No reliance on incidental timing or order; couplings are explicit and robust.
A32: 3.5 | B32: Integration contracts testable independently | E32: Integrations can only be tested against live counterpart systems. | F32: Partially testable in isolation; some paths need the real counterpart. | G32: Contracts can be fully exercised with stubs, mocks, or simulators.
A33: 4. Modernisation — Can the language and code be brought forward?
A34: 4.1 | B34: Language/framework supported and hireable for | C34: G | E34: Language/framework is obsolete; hiring or retaining skills is a known problem. | F34: Supported but ageing; skills pool is shrinking or expensive. | G34: Current, actively supported, and readily hireable for.
A35: 4.2 | B35: Codebase structured so change is safe, not feared | E35: Change is feared; the team avoids touching it where possible. | F35: Change is possible but slow and carries known risk. | G35: Change is routine and made with confidence.
A36: 4.3 | B36: Toolchain can still pull current, patched components | E36: Toolchain is frozen; pulling current or patched dependencies is impossible or breaks the build. | F36: Toolchain works but is dated; updates are difficult. | G36: Toolchain is current and pulls patched dependencies cleanly.
A37: 4.4 | B37: Free of dead, unexplained code no one dares remove | E37: Significant dead or unexplained code that no one will remove. | F37: Some dead or unclear code, identified but not cleared. | G37: Codebase is clean; no significant dead or unexplained sections.
A38: 4.5 | B38: A section could be rewritten without reverse-engineering it | E38: Rewriting any section first requires reverse-engineering what it does. | F38: Rewritable from a mix of documentation and code reading. | G38: Behaviour is specified well enough to rewrite directly.
A39: 5. Embedded IP — Is critical bespoke logic buried and unextractable?
A40: 5.1 | B40: Bespoke logic documented to the standard of its complexity | C40: G | E40: Critical bespoke logic is undocumented; it exists only as code. | F40: Partially documented; documentation lags the code or covers only the simple parts. | G40: Documented proportionate to its complexity and kept current.
A41: 5.2 | B41: Logic isolated and identifiable, not smeared through general code | E41: Bespoke logic is smeared through the codebase; you cannot point to where it lives. | F41: Mostly identifiable, with some logic embedded in general-purpose code. | G41: Isolated, identifiable, and clearly delineated from general-purpose code.
A42: 5.3 | B42: The IP could be re-implemented from its specification | E42: No specification exists; the code is the only statement of the IP. | F42: A specification exists but is incomplete or partly out of date. | G42: A complete, current specification exists independent of the code.
A43: 5.4 | B43: Free of undocumented edge-case handling encoding lost decisions | E43: Contains undocumented edge-case handling whose rationale is lost. | F43: Some edge cases undocumented, but rationale is recoverable from people or records. | G43: Edge cases and their rationale are documented.
A44: 5.5 | B44: The IP can be tested against a known-correct specification | E44: No way to prove a re-implementation is correct; no reference to test against. | F44: Partial reference or test set; would prove some but not all behaviour. | G44: A reference specification or test set exists sufficient to validate a re-implementation.
A45: 6. Knowledge Transferability — Can anyone pick it up and work with it?
A46: 6.1 | B46: Understanding spread across enough people to survive turnover | C46: G | E46: Understanding sits with one person; their departure is a single point of failure. | F46: Understood by a small group; thin but not a single point of failure. | G46: Understanding is spread across enough people to absorb turnover.
A47: 6.2 | B47: Onboarding possible from documentation, not only the incumbent | E47: Onboarding is only possible by sitting with the incumbent. | F47: Documentation gets someone partway; the rest is tribal. | G47: A capable person can onboard from documentation alone.
A48: 6.3 | B48: Original design decisions and trade-offs recorded | E48: Only the current state is visible; the 'why' is lost. | F48: Some rationale recorded; gaps in the decision history. | G48: Design decisions and trade-offs are recorded and findable.
A49: 6.4 | B49: For cleared/constrained environments, enough eligible people hold the knowledge | E49: Knowledge is held by too few eligible (cleared/qualified) people to sustain the system. | F49: Eligible coverage is thin or depends on a small number of constrained individuals. | G49: Enough eligible people hold the knowledge to sustain and change the system.
A50: 6.5 | B50: Operational knowledge captured as well as build knowledge | E50: Run, recover and troubleshoot knowledge is uncaptured; it lives only with operators. | F50: Operational knowledge is partly captured; recovery or edge scenarios are gaps. | G50: Operational knowledge is captured to the standard of the build knowledge.
A51: 7. Observability & Testability — Can you change it with confidence rather than on faith?
A52: 7.1 | B52: Behaviour and health can be observed in operation | C52: G | E52: Effectively a black box in operation; behaviour and health are not visible. | F52: Partial visibility; gaps in what can be observed. | G52: Behaviour and health are observable across the component.
A53: 7.2 | B53: Test harness sufficient to catch regressions | E53: No meaningful test coverage; regressions are found in production or by users. | F53: Partial coverage; catches some regressions, misses others. | G53: Test coverage is sufficient to catch regressions before release.
A54: 7.3 | B54: Deploy and rollback are routine, not high-ceremony events | E54: Deployment is a rare, high-ceremony, high-risk event; rollback is unreliable or absent. | F54: Deployment is manageable but heavy; rollback is possible but not routine. | G54: Deploy and rollback are routine, low-drama operations.
A55: 7.4 | B55: A change can be validated in a representative environment | E55: No representative environment; changes are validated in production. | F55: A test environment exists but diverges from production in ways that matter. | G55: A representative environment exists where changes are validated before production.
A56: 7.5 | B56: Accreditation/assurance burden is proportionate enough that change happens | C56: G | E56: Assurance burden is so high that change is avoided; the system ossifies regardless of its technical state. | F56: Burden is significant and slows change, but change still happens. | G56: Assurance is proportionate and built into the change process; it does not block evolution.

Sheet Component 4
A1: Component Assessment — Component 4
A3: Component name | F3: Component rating | H3: =IF(COUNTIF(J6:J12,"RED")>0,"RED",IF(COUNTIF(J6:J12,"AMBER")>0,"AMBER",IF(COUNTIF(J6:J12,"GREEN")>0,"GREEN","—"))) -> —
A4: System / programme | F4: Lowest heading | H4: =IF(COUNTIF(J6:J12,"RED")>0,INDEX(F6:F12,MATCH("RED",J6:J12,0)),IF(COUNTIF(J6:J12,"AMBER")>0,INDEX(F6:F12,MATCH("AMBER",J6:J12,0)),IF(COUNTIF(J6:J12,"GREEN")>0,INDEX(F6:F12,MATCH("GREEN",J6:J12,0)),"—"))) -> —
A5: Owner (SRO or equivalent) | F5: Heading summary
A6: Assessor | F6: 1. Portability | I6: =IFERROR(ROUND(M15,2),"") | J6: =O15 -> —
A7: Assessment date | F7: 2. Modularity | I7: =IFERROR(ROUND(M16,2),"") | J7: =O16 -> —
A8: Mode | F8: 3. Integration | I8: =IFERROR(ROUND(M17,2),"") | J8: =O17 -> —
A9: Dependency classification | F9: 4. Modernisation | I9: =IFERROR(ROUND(M18,2),"") | J9: =O18 -> —
A10: Trajectory state | F10: 5. Embedded IP | I10: =IFERROR(ROUND(M19,2),"") | J10: =O19 -> —
A11: Previous assessment date | F11: 6. Knowledge Transferability | I11: =IFERROR(ROUND(M20,2),"") | J11: =O20 -> —
A12: Notes / context | F12: 7. Observability & Testability | I12: =IFERROR(ROUND(M21,2),"") | J12: =O21 -> —
A14: Test | B14: Test title | C14: G | D14: Score | E14: Anchor 1 | F14: Anchor 3 | G14: Anchor 5 | H14: Evidence status | I14: Evidence cited (what & where) | J14: Evidence owner | L14: HID | M14: Avg (non-gate) | N14: Min gate | O14: Rating
A15: 1. Portability — Can it be moved? | L15: 1 | M15: =IF(SUMPRODUCT((C16:C20<>"G")*ISNUMBER(D16:D20))=0,"",SUMPRODUCT((C16:C20<>"G")*ISNUMBER(D16:D20)*D16:D20)/SUMPRODUCT((C16:C20<>"G")*ISNUMBER(D16:D20))) | N15: =IF(MIN(IF(ISNUMBER(D16),D16,999))=999,"",MIN(IF(ISNUMBER(D16),D16,999))) | O15: =IF(M15="","—",IF(AND(ISNUMBER(N15),N15<=2),"RED",IF(M15>=4,"GREEN",IF(M15>=2.5,"AMBER","RED")))) -> —
A16: 1.1 | B16: Run on other infrastructure without redesign | C16: G | E16: Bound to its current host; moving it means a redesign. | F16: Movable to similar infrastructure with significant rework or constraints. | G16: Runs on alternative infrastructure with configuration changes only. | L16: 2 | M16: =IF(SUMPRODUCT((C22:C26<>"G")*ISNUMBER(D22:D26))=0,"",SUMPRODUCT((C22:C26<>"G")*ISNUMBER(D22:D26)*D22:D26)/SUMPRODUCT((C22:C26<>"G")*ISNUMBER(D22:D26))) | N16: =IF(MIN(IF(ISNUMBER(D23),D23,999))=999,"",MIN(IF(ISNUMBER(D23),D23,999))) | O16: =IF(M16="","—",IF(AND(ISNUMBER(N16),N16<=2),"RED",IF(M16>=4,"GREEN",IF(M16>=2.5,"AMBER","RED")))) -> —
A17: 1.2 | B17: Runtime dependencies current and supported | E17: Depends on out-of-support or end-of-life components. | F17: Mostly supported; some components near end-of-life or on extended support. | G17: All runtime dependencies are current and within their support lifecycle. | L17: 3 | M17: =IF(SUMPRODUCT((C28:C32<>"G")*ISNUMBER(D28:D32))=0,"",SUMPRODUCT((C28:C32<>"G")*ISNUMBER(D28:D32)*D28:D32)/SUMPRODUCT((C28:C32<>"G")*ISNUMBER(D28:D32))) | N17: =IF(MIN(IF(ISNUMBER(D30),D30,999))=999,"",MIN(IF(ISNUMBER(D30),D30,999))) | O17: =IF(M17="","—",IF(AND(ISNUMBER(N17),N17<=2),"RED",IF(M17>=4,"GREEN",IF(M17>=2.5,"AMBER","RED")))) -> —
A18: 1.3 | B18: Free of hard coupling to proprietary services or hardware | E18: Core function depends on proprietary services with no equivalent elsewhere. | F18: Uses proprietary services, but behind abstractions or with known alternatives. | G18: Uses portable, substitutable, or open interfaces throughout. | L18: 4 | M18: =IF(SUMPRODUCT((C34:C38<>"G")*ISNUMBER(D34:D38))=0,"",SUMPRODUCT((C34:C38<>"G")*ISNUMBER(D34:D38)*D34:D38)/SUMPRODUCT((C34:C38<>"G")*ISNUMBER(D34:D38))) | N18: =IF(MIN(IF(ISNUMBER(D34),D34,999))=999,"",MIN(IF(ISNUMBER(D34),D34,999))) | O18: =IF(M18="","—",IF(AND(ISNUMBER(N18),N18<=2),"RED",IF(M18>=4,"GREEN",IF(M18>=2.5,"AMBER","RED")))) -> —
A19: 1.4 | B19: Can be stood up from definition, not hand-built | E19: Environment exists only as a hand-built artefact; recreating it is reverse-engineering. | F19: Partially defined as code; some manual steps or tribal knowledge required. | G19: Fully reproducible from version-controlled definition. | L19: 5 | M19: =IF(SUMPRODUCT((C40:C44<>"G")*ISNUMBER(D40:D44))=0,"",SUMPRODUCT((C40:C44<>"G")*ISNUMBER(D40:D44)*D40:D44)/SUMPRODUCT((C40:C44<>"G")*ISNUMBER(D40:D44))) | N19: =IF(MIN(IF(ISNUMBER(D40),D40,999))=999,"",MIN(IF(ISNUMBER(D40),D40,999))) | O19: =IF(M19="","—",IF(AND(ISNUMBER(N19),N19<=2),"RED",IF(M19>=4,"GREEN",IF(M19>=2.5,"AMBER","RED")))) -> —
A20: 1.5 | B20: Data extractable and migratable without bespoke tooling | E20: Data is locked in a proprietary or undocumented store; extraction needs custom development. | F20: Extractable, but with effort, format conversion, or partial bespoke tooling. | G20: Stored in documented, standard formats; extractable with standard tools. | L20: 6 | M20: =IF(SUMPRODUCT((C46:C50<>"G")*ISNUMBER(D46:D50))=0,"",SUMPRODUCT((C46:C50<>"G")*ISNUMBER(D46:D50)*D46:D50)/SUMPRODUCT((C46:C50<>"G")*ISNUMBER(D46:D50))) | N20: =IF(MIN(IF(ISNUMBER(D46),D46,999))=999,"",MIN(IF(ISNUMBER(D46),D46,999))) | O20: =IF(M20="","—",IF(AND(ISNUMBER(N20),N20<=2),"RED",IF(M20>=4,"GREEN",IF(M20>=2.5,"AMBER","RED")))) -> —
A21: 2. Modularity — Can one part change without forcing the rest to change? | L21: 7 | M21: =IF(SUMPRODUCT((C52:C56<>"G")*ISNUMBER(D52:D56))=0,"",SUMPRODUCT((C52:C56<>"G")*ISNUMBER(D52:D56)*D52:D56)/SUMPRODUCT((C52:C56<>"G")*ISNUMBER(D52:D56))) | N21: =IF(MIN(IF(ISNUMBER(D52),D52,999),IF(ISNUMBER(D56),D56,999))=999,"",MIN(IF(ISNUMBER(D52),D52,999),IF(ISNUMBER(D56),D56,999))) | O21: =IF(M21="","—",IF(AND(ISNUMBER(N21),N21<=2),"RED",IF(M21>=4,"GREEN",IF(M21>=2.5,"AMBER","RED")))) -> —
A22: 2.1 | B22: Clearly bounded responsibilities | E22: Responsibilities are diffuse; no clear statement of what it does and does not own. | F22: Broadly bounded, but with overlaps or grey areas with other components. | G22: Clear, documented, single area of responsibility.
A23: 2.2 | B23: Can be developed, built and released independently | C23: G | E23: Cannot be built or released except as part of a larger coordinated effort. | F23: Independently buildable, but release is coupled to others in practice. | G23: Developed, built and released on its own cadence.
A24: 2.3 | B24: Internal parts separable, not rippling unpredictably | E24: Internally entangled; any change risks unpredictable effects elsewhere. | F24: Some internal structure; ripple is bounded but not fully predictable. | G24: Cleanly partitioned internally; change effects are localised and predictable.
A25: 2.4 | B25: Shared mutable state avoided or tightly controlled | E25: Shares mutable state freely; other components reach into its internals or vice versa. | F25: Some shared state, but mediated or documented. | G25: No uncontrolled shared state; interaction is through defined boundaries only.
A26: 2.5 | B26: A part can be replaced behind the same boundary | E26: Implementation and interface are inseparable; replacing the part means rebuilding the boundary. | F26: Replaceable with effort; the boundary leaks implementation detail. | G26: Parts sit behind stable boundaries and can be swapped freely.
A27: 3. Integration — Can its connections be changed plug-and-play?
A28: 3.1 | B28: Integrates through defined, documented interfaces | E28: Integrations rely on undocumented assumptions about behaviour, format, or timing. | F28: Interfaces exist and are partly documented; some assumptions remain implicit. | G28: All integrations through defined, documented interfaces.
A29: 3.2 | B29: Interfaces versioned so each side can change independently | E29: No versioning; any interface change is a breaking change. | F29: Some versioning or backward-compatibility discipline, inconsistently applied. | G29: Interfaces are versioned; producers and consumers can evolve independently.
A30: 3.3 | B30: An integration can be re-pointed without modifying the core | C30: G | E30: Integration endpoints are wired into the core; changing one means changing the component. | F30: Re-pointable with configuration change plus some code change. | G30: Integrations are externally configured; swappable without touching the core.
A31: 3.4 | B31: Free of brittle point-to-point couplings | E31: Depends on undocumented timing, ordering, or sequence to function. | F31: Some fragile couplings, known and worked around. | G31: No reliance on incidental timing or order; couplings are explicit and robust.
A32: 3.5 | B32: Integration contracts testable independently | E32: Integrations can only be tested against live counterpart systems. | F32: Partially testable in isolation; some paths need the real counterpart. | G32: Contracts can be fully exercised with stubs, mocks, or simulators.
A33: 4. Modernisation — Can the language and code be brought forward?
A34: 4.1 | B34: Language/framework supported and hireable for | C34: G | E34: Language/framework is obsolete; hiring or retaining skills is a known problem. | F34: Supported but ageing; skills pool is shrinking or expensive. | G34: Current, actively supported, and readily hireable for.
A35: 4.2 | B35: Codebase structured so change is safe, not feared | E35: Change is feared; the team avoids touching it where possible. | F35: Change is possible but slow and carries known risk. | G35: Change is routine and made with confidence.
A36: 4.3 | B36: Toolchain can still pull current, patched components | E36: Toolchain is frozen; pulling current or patched dependencies is impossible or breaks the build. | F36: Toolchain works but is dated; updates are difficult. | G36: Toolchain is current and pulls patched dependencies cleanly.
A37: 4.4 | B37: Free of dead, unexplained code no one dares remove | E37: Significant dead or unexplained code that no one will remove. | F37: Some dead or unclear code, identified but not cleared. | G37: Codebase is clean; no significant dead or unexplained sections.
A38: 4.5 | B38: A section could be rewritten without reverse-engineering it | E38: Rewriting any section first requires reverse-engineering what it does. | F38: Rewritable from a mix of documentation and code reading. | G38: Behaviour is specified well enough to rewrite directly.
A39: 5. Embedded IP — Is critical bespoke logic buried and unextractable?
A40: 5.1 | B40: Bespoke logic documented to the standard of its complexity | C40: G | E40: Critical bespoke logic is undocumented; it exists only as code. | F40: Partially documented; documentation lags the code or covers only the simple parts. | G40: Documented proportionate to its complexity and kept current.
A41: 5.2 | B41: Logic isolated and identifiable, not smeared through general code | E41: Bespoke logic is smeared through the codebase; you cannot point to where it lives. | F41: Mostly identifiable, with some logic embedded in general-purpose code. | G41: Isolated, identifiable, and clearly delineated from general-purpose code.
A42: 5.3 | B42: The IP could be re-implemented from its specification | E42: No specification exists; the code is the only statement of the IP. | F42: A specification exists but is incomplete or partly out of date. | G42: A complete, current specification exists independent of the code.
A43: 5.4 | B43: Free of undocumented edge-case handling encoding lost decisions | E43: Contains undocumented edge-case handling whose rationale is lost. | F43: Some edge cases undocumented, but rationale is recoverable from people or records. | G43: Edge cases and their rationale are documented.
A44: 5.5 | B44: The IP can be tested against a known-correct specification | E44: No way to prove a re-implementation is correct; no reference to test against. | F44: Partial reference or test set; would prove some but not all behaviour. | G44: A reference specification or test set exists sufficient to validate a re-implementation.
A45: 6. Knowledge Transferability — Can anyone pick it up and work with it?
A46: 6.1 | B46: Understanding spread across enough people to survive turnover | C46: G | E46: Understanding sits with one person; their departure is a single point of failure. | F46: Understood by a small group; thin but not a single point of failure. | G46: Understanding is spread across enough people to absorb turnover.
A47: 6.2 | B47: Onboarding possible from documentation, not only the incumbent | E47: Onboarding is only possible by sitting with the incumbent. | F47: Documentation gets someone partway; the rest is tribal. | G47: A capable person can onboard from documentation alone.
A48: 6.3 | B48: Original design decisions and trade-offs recorded | E48: Only the current state is visible; the 'why' is lost. | F48: Some rationale recorded; gaps in the decision history. | G48: Design decisions and trade-offs are recorded and findable.
A49: 6.4 | B49: For cleared/constrained environments, enough eligible people hold the knowledge | E49: Knowledge is held by too few eligible (cleared/qualified) people to sustain the system. | F49: Eligible coverage is thin or depends on a small number of constrained individuals. | G49: Enough eligible people hold the knowledge to sustain and change the system.
A50: 6.5 | B50: Operational knowledge captured as well as build knowledge | E50: Run, recover and troubleshoot knowledge is uncaptured; it lives only with operators. | F50: Operational knowledge is partly captured; recovery or edge scenarios are gaps. | G50: Operational knowledge is captured to the standard of the build knowledge.
A51: 7. Observability & Testability — Can you change it with confidence rather than on faith?
A52: 7.1 | B52: Behaviour and health can be observed in operation | C52: G | E52: Effectively a black box in operation; behaviour and health are not visible. | F52: Partial visibility; gaps in what can be observed. | G52: Behaviour and health are observable across the component.
A53: 7.2 | B53: Test harness sufficient to catch regressions | E53: No meaningful test coverage; regressions are found in production or by users. | F53: Partial coverage; catches some regressions, misses others. | G53: Test coverage is sufficient to catch regressions before release.
A54: 7.3 | B54: Deploy and rollback are routine, not high-ceremony events | E54: Deployment is a rare, high-ceremony, high-risk event; rollback is unreliable or absent. | F54: Deployment is manageable but heavy; rollback is possible but not routine. | G54: Deploy and rollback are routine, low-drama operations.
A55: 7.4 | B55: A change can be validated in a representative environment | E55: No representative environment; changes are validated in production. | F55: A test environment exists but diverges from production in ways that matter. | G55: A representative environment exists where changes are validated before production.
A56: 7.5 | B56: Accreditation/assurance burden is proportionate enough that change happens | C56: G | E56: Assurance burden is so high that change is avoided; the system ossifies regardless of its technical state. | F56: Burden is significant and slows change, but change still happens. | G56: Assurance is proportionate and built into the change process; it does not block evolution.

Sheet Component 5
A1: Component Assessment — Component 5
A3: Component name | F3: Component rating | H3: =IF(COUNTIF(J6:J12,"RED")>0,"RED",IF(COUNTIF(J6:J12,"AMBER")>0,"AMBER",IF(COUNTIF(J6:J12,"GREEN")>0,"GREEN","—"))) -> —
A4: System / programme | F4: Lowest heading | H4: =IF(COUNTIF(J6:J12,"RED")>0,INDEX(F6:F12,MATCH("RED",J6:J12,0)),IF(COUNTIF(J6:J12,"AMBER")>0,INDEX(F6:F12,MATCH("AMBER",J6:J12,0)),IF(COUNTIF(J6:J12,"GREEN")>0,INDEX(F6:F12,MATCH("GREEN",J6:J12,0)),"—"))) -> —
A5: Owner (SRO or equivalent) | F5: Heading summary
A6: Assessor | F6: 1. Portability | I6: =IFERROR(ROUND(M15,2),"") | J6: =O15 -> —
A7: Assessment date | F7: 2. Modularity | I7: =IFERROR(ROUND(M16,2),"") | J7: =O16 -> —
A8: Mode | F8: 3. Integration | I8: =IFERROR(ROUND(M17,2),"") | J8: =O17 -> —
A9: Dependency classification | F9: 4. Modernisation | I9: =IFERROR(ROUND(M18,2),"") | J9: =O18 -> —
A10: Trajectory state | F10: 5. Embedded IP | I10: =IFERROR(ROUND(M19,2),"") | J10: =O19 -> —
A11: Previous assessment date | F11: 6. Knowledge Transferability | I11: =IFERROR(ROUND(M20,2),"") | J11: =O20 -> —
A12: Notes / context | F12: 7. Observability & Testability | I12: =IFERROR(ROUND(M21,2),"") | J12: =O21 -> —
A14: Test | B14: Test title | C14: G | D14: Score | E14: Anchor 1 | F14: Anchor 3 | G14: Anchor 5 | H14: Evidence status | I14: Evidence cited (what & where) | J14: Evidence owner | L14: HID | M14: Avg (non-gate) | N14: Min gate | O14: Rating
A15: 1. Portability — Can it be moved? | L15: 1 | M15: =IF(SUMPRODUCT((C16:C20<>"G")*ISNUMBER(D16:D20))=0,"",SUMPRODUCT((C16:C20<>"G")*ISNUMBER(D16:D20)*D16:D20)/SUMPRODUCT((C16:C20<>"G")*ISNUMBER(D16:D20))) | N15: =IF(MIN(IF(ISNUMBER(D16),D16,999))=999,"",MIN(IF(ISNUMBER(D16),D16,999))) | O15: =IF(M15="","—",IF(AND(ISNUMBER(N15),N15<=2),"RED",IF(M15>=4,"GREEN",IF(M15>=2.5,"AMBER","RED")))) -> —
A16: 1.1 | B16: Run on other infrastructure without redesign | C16: G | E16: Bound to its current host; moving it means a redesign. | F16: Movable to similar infrastructure with significant rework or constraints. | G16: Runs on alternative infrastructure with configuration changes only. | L16: 2 | M16: =IF(SUMPRODUCT((C22:C26<>"G")*ISNUMBER(D22:D26))=0,"",SUMPRODUCT((C22:C26<>"G")*ISNUMBER(D22:D26)*D22:D26)/SUMPRODUCT((C22:C26<>"G")*ISNUMBER(D22:D26))) | N16: =IF(MIN(IF(ISNUMBER(D23),D23,999))=999,"",MIN(IF(ISNUMBER(D23),D23,999))) | O16: =IF(M16="","—",IF(AND(ISNUMBER(N16),N16<=2),"RED",IF(M16>=4,"GREEN",IF(M16>=2.5,"AMBER","RED")))) -> —
A17: 1.2 | B17: Runtime dependencies current and supported | E17: Depends on out-of-support or end-of-life components. | F17: Mostly supported; some components near end-of-life or on extended support. | G17: All runtime dependencies are current and within their support lifecycle. | L17: 3 | M17: =IF(SUMPRODUCT((C28:C32<>"G")*ISNUMBER(D28:D32))=0,"",SUMPRODUCT((C28:C32<>"G")*ISNUMBER(D28:D32)*D28:D32)/SUMPRODUCT((C28:C32<>"G")*ISNUMBER(D28:D32))) | N17: =IF(MIN(IF(ISNUMBER(D30),D30,999))=999,"",MIN(IF(ISNUMBER(D30),D30,999))) | O17: =IF(M17="","—",IF(AND(ISNUMBER(N17),N17<=2),"RED",IF(M17>=4,"GREEN",IF(M17>=2.5,"AMBER","RED")))) -> —
A18: 1.3 | B18: Free of hard coupling to proprietary services or hardware | E18: Core function depends on proprietary services with no equivalent elsewhere. | F18: Uses proprietary services, but behind abstractions or with known alternatives. | G18: Uses portable, substitutable, or open interfaces throughout. | L18: 4 | M18: =IF(SUMPRODUCT((C34:C38<>"G")*ISNUMBER(D34:D38))=0,"",SUMPRODUCT((C34:C38<>"G")*ISNUMBER(D34:D38)*D34:D38)/SUMPRODUCT((C34:C38<>"G")*ISNUMBER(D34:D38))) | N18: =IF(MIN(IF(ISNUMBER(D34),D34,999))=999,"",MIN(IF(ISNUMBER(D34),D34,999))) | O18: =IF(M18="","—",IF(AND(ISNUMBER(N18),N18<=2),"RED",IF(M18>=4,"GREEN",IF(M18>=2.5,"AMBER","RED")))) -> —
A19: 1.4 | B19: Can be stood up from definition, not hand-built | E19: Environment exists only as a hand-built artefact; recreating it is reverse-engineering. | F19: Partially defined as code; some manual steps or tribal knowledge required. | G19: Fully reproducible from version-controlled definition. | L19: 5 | M19: =IF(SUMPRODUCT((C40:C44<>"G")*ISNUMBER(D40:D44))=0,"",SUMPRODUCT((C40:C44<>"G")*ISNUMBER(D40:D44)*D40:D44)/SUMPRODUCT((C40:C44<>"G")*ISNUMBER(D40:D44))) | N19: =IF(MIN(IF(ISNUMBER(D40),D40,999))=999,"",MIN(IF(ISNUMBER(D40),D40,999))) | O19: =IF(M19="","—",IF(AND(ISNUMBER(N19),N19<=2),"RED",IF(M19>=4,"GREEN",IF(M19>=2.5,"AMBER","RED")))) -> —
A20: 1.5 | B20: Data extractable and migratable without bespoke tooling | E20: Data is locked in a proprietary or undocumented store; extraction needs custom development. | F20: Extractable, but with effort, format conversion, or partial bespoke tooling. | G20: Stored in documented, standard formats; extractable with standard tools. | L20: 6 | M20: =IF(SUMPRODUCT((C46:C50<>"G")*ISNUMBER(D46:D50))=0,"",SUMPRODUCT((C46:C50<>"G")*ISNUMBER(D46:D50)*D46:D50)/SUMPRODUCT((C46:C50<>"G")*ISNUMBER(D46:D50))) | N20: =IF(MIN(IF(ISNUMBER(D46),D46,999))=999,"",MIN(IF(ISNUMBER(D46),D46,999))) | O20: =IF(M20="","—",IF(AND(ISNUMBER(N20),N20<=2),"RED",IF(M20>=4,"GREEN",IF(M20>=2.5,"AMBER","RED")))) -> —
A21: 2. Modularity — Can one part change without forcing the rest to change? | L21: 7 | M21: =IF(SUMPRODUCT((C52:C56<>"G")*ISNUMBER(D52:D56))=0,"",SUMPRODUCT((C52:C56<>"G")*ISNUMBER(D52:D56)*D52:D56)/SUMPRODUCT((C52:C56<>"G")*ISNUMBER(D52:D56))) | N21: =IF(MIN(IF(ISNUMBER(D52),D52,999),IF(ISNUMBER(D56),D56,999))=999,"",MIN(IF(ISNUMBER(D52),D52,999),IF(ISNUMBER(D56),D56,999))) | O21: =IF(M21="","—",IF(AND(ISNUMBER(N21),N21<=2),"RED",IF(M21>=4,"GREEN",IF(M21>=2.5,"AMBER","RED")))) -> —
A22: 2.1 | B22: Clearly bounded responsibilities | E22: Responsibilities are diffuse; no clear statement of what it does and does not own. | F22: Broadly bounded, but with overlaps or grey areas with other components. | G22: Clear, documented, single area of responsibility.
A23: 2.2 | B23: Can be developed, built and released independently | C23: G | E23: Cannot be built or released except as part of a larger coordinated effort. | F23: Independently buildable, but release is coupled to others in practice. | G23: Developed, built and released on its own cadence.
A24: 2.3 | B24: Internal parts separable, not rippling unpredictably | E24: Internally entangled; any change risks unpredictable effects elsewhere. | F24: Some internal structure; ripple is bounded but not fully predictable. | G24: Cleanly partitioned internally; change effects are localised and predictable.
A25: 2.4 | B25: Shared mutable state avoided or tightly controlled | E25: Shares mutable state freely; other components reach into its internals or vice versa. | F25: Some shared state, but mediated or documented. | G25: No uncontrolled shared state; interaction is through defined boundaries only.
A26: 2.5 | B26: A part can be replaced behind the same boundary | E26: Implementation and interface are inseparable; replacing the part means rebuilding the boundary. | F26: Replaceable with effort; the boundary leaks implementation detail. | G26: Parts sit behind stable boundaries and can be swapped freely.
A27: 3. Integration — Can its connections be changed plug-and-play?
A28: 3.1 | B28: Integrates through defined, documented interfaces | E28: Integrations rely on undocumented assumptions about behaviour, format, or timing. | F28: Interfaces exist and are partly documented; some assumptions remain implicit. | G28: All integrations through defined, documented interfaces.
A29: 3.2 | B29: Interfaces versioned so each side can change independently | E29: No versioning; any interface change is a breaking change. | F29: Some versioning or backward-compatibility discipline, inconsistently applied. | G29: Interfaces are versioned; producers and consumers can evolve independently.
A30: 3.3 | B30: An integration can be re-pointed without modifying the core | C30: G | E30: Integration endpoints are wired into the core; changing one means changing the component. | F30: Re-pointable with configuration change plus some code change. | G30: Integrations are externally configured; swappable without touching the core.
A31: 3.4 | B31: Free of brittle point-to-point couplings | E31: Depends on undocumented timing, ordering, or sequence to function. | F31: Some fragile couplings, known and worked around. | G31: No reliance on incidental timing or order; couplings are explicit and robust.
A32: 3.5 | B32: Integration contracts testable independently | E32: Integrations can only be tested against live counterpart systems. | F32: Partially testable in isolation; some paths need the real counterpart. | G32: Contracts can be fully exercised with stubs, mocks, or simulators.
A33: 4. Modernisation — Can the language and code be brought forward?
A34: 4.1 | B34: Language/framework supported and hireable for | C34: G | E34: Language/framework is obsolete; hiring or retaining skills is a known problem. | F34: Supported but ageing; skills pool is shrinking or expensive. | G34: Current, actively supported, and readily hireable for.
A35: 4.2 | B35: Codebase structured so change is safe, not feared | E35: Change is feared; the team avoids touching it where possible. | F35: Change is possible but slow and carries known risk. | G35: Change is routine and made with confidence.
A36: 4.3 | B36: Toolchain can still pull current, patched components | E36: Toolchain is frozen; pulling current or patched dependencies is impossible or breaks the build. | F36: Toolchain works but is dated; updates are difficult. | G36: Toolchain is current and pulls patched dependencies cleanly.
A37: 4.4 | B37: Free of dead, unexplained code no one dares remove | E37: Significant dead or unexplained code that no one will remove. | F37: Some dead or unclear code, identified but not cleared. | G37: Codebase is clean; no significant dead or unexplained sections.
A38: 4.5 | B38: A section could be rewritten without reverse-engineering it | E38: Rewriting any section first requires reverse-engineering what it does. | F38: Rewritable from a mix of documentation and code reading. | G38: Behaviour is specified well enough to rewrite directly.
A39: 5. Embedded IP — Is critical bespoke logic buried and unextractable?
A40: 5.1 | B40: Bespoke logic documented to the standard of its complexity | C40: G | E40: Critical bespoke logic is undocumented; it exists only as code. | F40: Partially documented; documentation lags the code or covers only the simple parts. | G40: Documented proportionate to its complexity and kept current.
A41: 5.2 | B41: Logic isolated and identifiable, not smeared through general code | E41: Bespoke logic is smeared through the codebase; you cannot point to where it lives. | F41: Mostly identifiable, with some logic embedded in general-purpose code. | G41: Isolated, identifiable, and clearly delineated from general-purpose code.
A42: 5.3 | B42: The IP could be re-implemented from its specification | E42: No specification exists; the code is the only statement of the IP. | F42: A specification exists but is incomplete or partly out of date. | G42: A complete, current specification exists independent of the code.
A43: 5.4 | B43: Free of undocumented edge-case handling encoding lost decisions | E43: Contains undocumented edge-case handling whose rationale is lost. | F43: Some edge cases undocumented, but rationale is recoverable from people or records. | G43: Edge cases and their rationale are documented.
A44: 5.5 | B44: The IP can be tested against a known-correct specification | E44: No way to prove a re-implementation is correct; no reference to test against. | F44: Partial reference or test set; would prove some but not all behaviour. | G44: A reference specification or test set exists sufficient to validate a re-implementation.
A45: 6. Knowledge Transferability — Can anyone pick it up and work with it?
A46: 6.1 | B46: Understanding spread across enough people to survive turnover | C46: G | E46: Understanding sits with one person; their departure is a single point of failure. | F46: Understood by a small group; thin but not a single point of failure. | G46: Understanding is spread across enough people to absorb turnover.
A47: 6.2 | B47: Onboarding possible from documentation, not only the incumbent | E47: Onboarding is only possible by sitting with the incumbent. | F47: Documentation gets someone partway; the rest is tribal. | G47: A capable person can onboard from documentation alone.
A48: 6.3 | B48: Original design decisions and trade-offs recorded | E48: Only the current state is visible; the 'why' is lost. | F48: Some rationale recorded; gaps in the decision history. | G48: Design decisions and trade-offs are recorded and findable.
A49: 6.4 | B49: For cleared/constrained environments, enough eligible people hold the knowledge | E49: Knowledge is held by too few eligible (cleared/qualified) people to sustain the system. | F49: Eligible coverage is thin or depends on a small number of constrained individuals. | G49: Enough eligible people hold the knowledge to sustain and change the system.
A50: 6.5 | B50: Operational knowledge captured as well as build knowledge | E50: Run, recover and troubleshoot knowledge is uncaptured; it lives only with operators. | F50: Operational knowledge is partly captured; recovery or edge scenarios are gaps. | G50: Operational knowledge is captured to the standard of the build knowledge.
A51: 7. Observability & Testability — Can you change it with confidence rather than on faith?
A52: 7.1 | B52: Behaviour and health can be observed in operation | C52: G | E52: Effectively a black box in operation; behaviour and health are not visible. | F52: Partial visibility; gaps in what can be observed. | G52: Behaviour and health are observable across the component.
A53: 7.2 | B53: Test harness sufficient to catch regressions | E53: No meaningful test coverage; regressions are found in production or by users. | F53: Partial coverage; catches some regressions, misses others. | G53: Test coverage is sufficient to catch regressions before release.
A54: 7.3 | B54: Deploy and rollback are routine, not high-ceremony events | E54: Deployment is a rare, high-ceremony, high-risk event; rollback is unreliable or absent. | F54: Deployment is manageable but heavy; rollback is possible but not routine. | G54: Deploy and rollback are routine, low-drama operations.
A55: 7.4 | B55: A change can be validated in a representative environment | E55: No representative environment; changes are validated in production. | F55: A test environment exists but diverges from production in ways that matter. | G55: A representative environment exists where changes are validated before production.
A56: 7.5 | B56: Accreditation/assurance burden is proportionate enough that change happens | C56: G | E56: Assurance burden is so high that change is avoided; the system ossifies regardless of its technical state. | F56: Burden is significant and slows change, but change still happens. | G56: Assurance is proportionate and built into the change process; it does not block evolution.

Sheet Reference - Anchors
A1: Anchored Descriptors and Evidence Indicators
A3: Test | B3: Heading | C3: Gating | D3: Score 1 (anchor) | E3: Score 3 (anchor) | F3: Score 5 (anchor) | G3: Evidence indicator
A4: 1.1 | B4: 1. Portability | C4: G | D4: Bound to its current host; moving it means a redesign. | E4: Movable to similar infrastructure with significant rework or constraints. | F4: Runs on alternative infrastructure with configuration changes only. | G4: The component running, or having run, on a second distinct environment; or an architecture record identifying host dependencies and showing they are abstracted. Absence: no second environment can be named and no design record addresses portability — floor.
A5: 1.2 | B5: 1. Portability | D5: Depends on out-of-support or end-of-life components. | E5: Mostly supported; some components near end-of-life or on extended support. | F5: All runtime dependencies are current and within their support lifecycle. | G5: A current dependency/version inventory cross-referable to vendor or community support lifecycle dates.
A6: 1.3 | B6: 1. Portability | D6: Core function depends on proprietary services with no equivalent elsewhere. | E6: Uses proprietary services, but behind abstractions or with known alternatives. | F6: Uses portable, substitutable, or open interfaces throughout. | G6: An architecture record or dependency map showing external service calls and their substitutability, or evidence those interfaces are abstracted.
A7: 1.4 | B7: 1. Portability | D7: Environment exists only as a hand-built artefact; recreating it is reverse-engineering. | E7: Partially defined as code; some manual steps or tribal knowledge required. | F7: Fully reproducible from version-controlled definition. | G7: Version-controlled infrastructure/config definitions, ideally with a record of the environment having been rebuilt from them.
A8: 1.5 | B8: 1. Portability | D8: Data is locked in a proprietary or undocumented store; extraction needs custom development. | E8: Extractable, but with effort, format conversion, or partial bespoke tooling. | F8: Stored in documented, standard formats; extractable with standard tools. | G8: Documented data formats and schema, plus a record of a successful standard-tool extract/migration or a defensible assessment that one is possible.
A9: 2.1 | B9: 2. Modularity | D9: Responsibilities are diffuse; no clear statement of what it does and does not own. | E9: Broadly bounded, but with overlaps or grey areas with other components. | F9: Clear, documented, single area of responsibility. | G9: A design or service record stating what the component does and does not own, recognisable in the actual code structure.
A10: 2.2 | B10: 2. Modularity | C10: G | D10: Cannot be built or released except as part of a larger coordinated effort. | E10: Independently buildable, but release is coupled to others in practice. | F10: Developed, built and released on its own cadence. | G10: A build/release record showing it has been released on its own, separate from other components. Absence: every release on record is part of a coordinated multi-component effort — floor.
A11: 2.3 | B11: 2. Modularity | D11: Internally entangled; any change risks unpredictable effects elsewhere. | E11: Some internal structure; ripple is bounded but not fully predictable. | F11: Cleanly partitioned internally; change effects are localised and predictable. | G11: Internal structure visible in the codebase, plus change history showing past changes stayed localised.
A12: 2.4 | B12: 2. Modularity | D12: Shares mutable state freely; other components reach into its internals or vice versa. | E12: Some shared state, but mediated or documented. | F12: No uncontrolled shared state; interaction is through defined boundaries only. | G12: A data/interaction map showing what state is shared and how access is mediated; or demonstrable absence of components reaching into each other's internals.
A13: 2.5 | B13: 2. Modularity | D13: Implementation and interface are inseparable; replacing the part means rebuilding the boundary. | E13: Replaceable with effort; the boundary leaks implementation detail. | F13: Parts sit behind stable boundaries and can be swapped freely. | G13: Defined internal interfaces, ideally with a record of a part having been swapped without rebuilding the boundary.
A14: 3.1 | B14: 3. Integration | D14: Integrations rely on undocumented assumptions about behaviour, format, or timing. | E14: Interfaces exist and are partly documented; some assumptions remain implicit. | F14: All integrations through defined, documented interfaces. | G14: Interface definitions or contracts that exist as inspectable artefacts, not descriptions of behaviour after the fact.
A15: 3.2 | B15: 3. Integration | D15: No versioning; any interface change is a breaking change. | E15: Some versioning or backward-compatibility discipline, inconsistently applied. | F15: Interfaces are versioned; producers and consumers can evolve independently. | G15: A versioning scheme visible in the interface artefacts, plus history of a version change managed without breaking counterparts.
A16: 3.3 | B16: 3. Integration | C16: G | D16: Integration endpoints are wired into the core; changing one means changing the component. | E16: Re-pointable with configuration change plus some code change. | F16: Integrations are externally configured; swappable without touching the core. | G16: Integration endpoints held in external configuration, ideally with a record of one having been re-pointed without a code change. Absence: endpoints are wired into the component and any change requires modifying it — floor.
A17: 3.4 | B17: 3. Integration | D17: Depends on undocumented timing, ordering, or sequence to function. | E17: Some fragile couplings, known and worked around. | F17: No reliance on incidental timing or order; couplings are explicit and robust. | G17: Integration design showing explicit sequencing/handling; or demonstrable absence of incident history caused by timing or ordering.
A18: 3.5 | B18: 3. Integration | D18: Integrations can only be tested against live counterpart systems. | E18: Partially testable in isolation; some paths need the real counterpart. | F18: Contracts can be fully exercised with stubs, mocks, or simulators. | G18: Stubs, mocks, simulators, or a contract-test suite that exists and is exercisable without the live counterpart.
A19: 4.1 | B19: 4. Modernisation | C19: G | D19: Language/framework is obsolete; hiring or retaining skills is a known problem. | E19: Supported but ageing; skills pool is shrinking or expensive. | F19: Current, actively supported, and readily hireable for. | G19: Language/framework version cross-referable to a current support lifecycle, plus a defensible view of the skills market. Absence: version unidentified or out of support and skills position unknown — floor.
A20: 4.2 | B20: 4. Modernisation | D20: Change is feared; the team avoids touching it where possible. | E20: Change is possible but slow and carries known risk. | F20: Change is routine and made with confidence. | G20: Change lead-time and change-failure history; or a code-quality assessment. Team assertion that change is 'fine' is not evidence — the change record is.
A21: 4.3 | B21: 4. Modernisation | D21: Toolchain is frozen; pulling current or patched dependencies is impossible or breaks the build. | E21: Toolchain works but is dated; updates are difficult. | F21: Toolchain is current and pulls patched dependencies cleanly. | G21: A working build that demonstrably pulls current dependencies; or a recent successful dependency/patch update on record.
A22: 4.4 | B22: 4. Modernisation | D22: Significant dead or unexplained code that no one will remove. | E22: Some dead or unclear code, identified but not cleared. | F22: Codebase is clean; no significant dead or unexplained sections. | G22: A code analysis identifying dead/unreachable code; or a clean assessment. A claim of cleanliness with no analysis behind it is not evidence.
A23: 4.5 | B23: 4. Modernisation | D23: Rewriting any section first requires reverse-engineering what it does. | E23: Rewritable from a mix of documentation and code reading. | F23: Behaviour is specified well enough to rewrite directly. | G23: Behavioural specifications or documentation sufficient to restate what a section does independently of reading the code.
A24: 5.1 | B24: 5. Embedded IP | C24: G | D24: Critical bespoke logic is undocumented; it exists only as code. | E24: Partially documented; documentation lags the code or covers only the simple parts. | F24: Documented proportionate to its complexity and kept current. | G24: Documentation that demonstrably matches current behaviour — ideally validated by someone using it to predict or explain an output correctly. Absence: logic exists only as code, or documentation cannot be shown to be current — floor.
A25: 5.2 | B25: 5. Embedded IP | D25: Bespoke logic is smeared through the codebase; you cannot point to where it lives. | E25: Mostly identifiable, with some logic embedded in general-purpose code. | F25: Isolated, identifiable, and clearly delineated from general-purpose code. | G25: An assessor or engineer can point to where the bespoke logic lives, distinct from general-purpose code.
A26: 5.3 | B26: 5. Embedded IP | D26: No specification exists; the code is the only statement of the IP. | E26: A specification exists but is incomplete or partly out of date. | F26: A complete, current specification exists independent of the code. | G26: A specification exists as an artefact independent of the code, complete enough that re-implementation would not require reading the code.
A27: 5.4 | B27: 5. Embedded IP | D27: Contains undocumented edge-case handling whose rationale is lost. | E27: Some edge cases undocumented, but rationale is recoverable from people or records. | F27: Edge cases and their rationale are documented. | G27: Edge cases and their rationale are recorded; or demonstrable confidence — via people or records — that the rationale behind existing edge-case handling is recoverable.
A28: 5.5 | B28: 5. Embedded IP | D28: No way to prove a re-implementation is correct; no reference to test against. | E28: Partial reference or test set; would prove some but not all behaviour. | F28: A reference specification or test set exists sufficient to validate a re-implementation. | G28: A reference specification or test set exists that would let a re-implementation be validated as behaviourally correct.
A29: 6.1 | B29: 6. Knowledge Transferability | C29: G | D29: Understanding sits with one person; their departure is a single point of failure. | E29: Understood by a small group; thin but not a single point of failure. | F29: Understanding is spread across enough people to absorb turnover. | G29: More than one person has independently made a non-trivial change; or the component has demonstrably survived a relevant departure. Absence: all evidence points to a single individual — floor.
A30: 6.2 | B30: 6. Knowledge Transferability | D30: Onboarding is only possible by sitting with the incumbent. | E30: Documentation gets someone partway; the rest is tribal. | F30: A capable person can onboard from documentation alone. | G30: A documented instance of someone onboarding from the documentation; or documentation an assessor judges sufficient against that test. Existence of documentation is not the same as it being sufficient.
A31: 6.3 | B31: 6. Knowledge Transferability | D31: Only the current state is visible; the 'why' is lost. | E31: Some rationale recorded; gaps in the decision history. | F31: Design decisions and trade-offs are recorded and findable. | G31: Decision records, architecture rationale, or equivalent capturing the 'why', not only the current state.
A32: 6.4 | B32: 6. Knowledge Transferability | D32: Knowledge is held by too few eligible (cleared/qualified) people to sustain the system. | E32: Eligible coverage is thin or depends on a small number of constrained individuals. | F32: Enough eligible people hold the knowledge to sustain and change the system. | G32: A demonstrable count of eligible (cleared/qualified) individuals who hold working knowledge. Score N/A only where no clearance or eligibility constraint genuinely applies — and that exemption must itself be justified.
A33: 6.5 | B33: 6. Knowledge Transferability | D33: Run, recover and troubleshoot knowledge is uncaptured; it lives only with operators. | E33: Operational knowledge is partly captured; recovery or edge scenarios are gaps. | F33: Operational knowledge is captured to the standard of the build knowledge. | G33: Operational runbooks plus demonstration they work — e.g. a recovery actually performed from them, or troubleshooting carried out by someone other than the original operator.
A34: 7.1 | B34: 7. Observability & Testability | C34: G | D34: Effectively a black box in operation; behaviour and health are not visible. | E34: Partial visibility; gaps in what can be observed. | F34: Behaviour and health are observable across the component. | G34: Live monitoring, logging, or telemetry output that an assessor can actually view. Absence: the component emits nothing inspectable — floor.
A35: 7.2 | B35: 7. Observability & Testability | D35: No meaningful test coverage; regressions are found in production or by users. | E35: Partial coverage; catches some regressions, misses others. | F35: Test coverage is sufficient to catch regressions before release. | G35: A test suite plus coverage data and a history of it actually catching regressions before release.
A36: 7.3 | B36: 7. Observability & Testability | D36: Deployment is a rare, high-ceremony, high-risk event; rollback is unreliable or absent. | E36: Deployment is manageable but heavy; rollback is possible but not routine. | F36: Deploy and rollback are routine, low-drama operations. | G36: Deployment and rollback logs showing both happening repeatedly without incident. A runbook describing the process is not evidence it is routine.
A37: 7.4 | B37: 7. Observability & Testability | D37: No representative environment; changes are validated in production. | E37: A test environment exists but diverges from production in ways that matter. | F37: A representative environment exists where changes are validated before production. | G37: A test/staging environment that exists, plus evidence of how closely it matches production and of changes having been validated there.
A38: 7.5 | B38: 7. Observability & Testability | C38: G | D38: Assurance burden is so high that change is avoided; the system ossifies regardless of its technical state. | E38: Burden is significant and slows change, but change still happens. | F38: Assurance is proportionate and built into the change process; it does not block evolution. | G38: The actual elapsed time and cost of recent changes through the assurance process — the demonstrated fact that change still happens. Absence: no change has completed assurance recently enough to judge, or the process cannot be timed — floor, flagged.

Sheet Lists
A1: Scores | B1: Evidence Status | C1: Dependency Classification | D1: Trajectory | E1: Mode
A2: 1 | B2: Present | C2: Load-bearing | D2: Baseline | E2: Full assessment
A3: 2 | B3: Partial | C3: Contributing | D3: Stable | E3: Light check (12 gating tests)
A4: 3 | B4: Absent | C4: Peripheral | D4: Declining
A5: 4 | D5: Improving
A6: 5 | D6: Volatile
A7: N/A
